subject_type	subject_rank	lane_id	lane_position	subject_id	source_paper_ids	reader_agent_id	reviewer_agent_id	inspection_status	terminal_disposition	failure_ids	evidence_gap	measurement_needed	reading_coverage	result_checksum
PAPER	1	G06-LANE-1	1	PAPER-HASH-0232e71ded2b5c43	PAPER-HASH-0232e71ded2b5c43	019ff4ca-000d-7952-b8ba-387ddb6f6728	019ff4ec-552b-7a10-bab1-0a7742bae998	COMPLETE	NEGATIVE_EVIDENCE_EXTRACTED	FAIL-LONG-WALKS-MULTIPLY-SCANS|FAIL-TIED-RANKS-RESIST-SAMPLING			ALL_PAGES:1-26	C1864FE6E13C76AD8908FC9FFBD637B263A35CC79308637CF8B4252310019A08
PAPER	2	G06-LANE-2	1	PAPER-0708.3259	PAPER-0708.3259	019ff4ca-037d-7f63-95ce-c93f3d2442d6	019ff4ec-552b-7a10-bab1-0a7742bae998	COMPLETE	NEGATIVE_EVIDENCE_EXTRACTED	FAIL-WIDE-FIELDS-ERASE-PACKING			ALL_PAGES:1-16	27F08E1C5B59C9264CDFD90F70B6669395CE2825D5189F1892745686FD712AB3
PAPER	3	G06-LANE-3	1	PAPER-2101.12631	PAPER-2101.12631	019ff4ca-07cb-7772-8b81-c4ea3e4e1a96	019ff4ec-552b-7a10-bab1-0a7742bae998	COMPLETE	NEGATIVE_EVIDENCE_EXTRACTED	FAIL-BOUNDED-FRONTIER-MISSES-NEAREST|FAIL-DIVERSITY-PRUNING-CONNECTIVITY-LOSS			ALL_PAGES:1-28	FF751A7ECC14867447532ED3ECC615459C6FFDA25E34BF07174F10B13A32ECB3
PAPER	4	G06-LANE-4	1	PAPER-HASH-c2a6a5317d82ac28	PAPER-HASH-c2a6a5317d82ac28	019ff4ca-0b79-7a20-9f68-4f44fc709ec1	019ff4ec-552b-7a10-bab1-0a7742bae998	COMPLETE	NEGATIVE_EVIDENCE_EXTRACTED	FAIL-HIGH-INDEGREE-DESTROYS-RUNTIME			ALL_PAGES:1-23	A2B6ED3451D825E2B6173D26166D37FD594BF2C556B842F1EF7B82FB3DD1DE42
PAPER	5	G06-LANE-5	1	PAPER-1011.5425	PAPER-1011.5425	019ff4ca-0f74-7e33-9a0c-1077c99ddbad	019ff4ec-552b-7a10-bab1-0a7742bae998	COMPLETE	NEGATIVE_EVIDENCE_EXTRACTED	FAIL-GRAPH-RESIDENCY-ADDS-PASSES			ALL_PAGES:1-13	1D40523FEA02693505F6615CED634A1A63C826F35C4716BBA9C160F712D5B095
PAPER	6	G06-LANE-1	2	PAPER-1806.08092	PAPER-1806.08092	019ff4ca-000d-7952-b8ba-387ddb6f6728	019ff4ec-552b-7a10-bab1-0a7742bae998	COMPLETE	NEGATIVE_EVIDENCE_EXTRACTED	FAIL-WRONG-SCATTER-MODE-WASTES			ALL_PAGES:1-28	2599A97CFD7A147DDFE0CDF40FE53C41EE5E544529541C3B40EFD1C3625C92CC
PAPER	7	G06-LANE-2	2	PAPER-2605.17992	PAPER-2605.17992	019ff4ca-037d-7f63-95ce-c93f3d2442d6	019ff4ec-552b-7a10-bab1-0a7742bae998	COMPLETE	NEGATIVE_EVIDENCE_EXTRACTED	FAIL-CORRELATED-LABEL-FILTER-REVERSAL			ALL_PAGES:1-15	63C843320BAD93288E5B8D5553B670557A8050B2A1E0AA91DF614B9C51327872
PAPER	8	G06-LANE-3	2	PAPER-2511.07886	PAPER-2511.07886	019ff4ca-07cb-7772-8b81-c4ea3e4e1a96	019ff4ec-552b-7a10-bab1-0a7742bae998	COMPLETE	NEGATIVE_EVIDENCE_EXTRACTED	FAIL-INLINE-THRESHOLD-INFLATES-MEMORY|FAIL-RESIDENT-REUSE-STARVES-PRIORITIES|FAIL-SYNCHRONOUS-BARRIERS-DEFEAT-PIPELINE			ALL_PAGES:1-27	746181AFF53D6CB87019AC0622FDC709F514CC3225960965D5E24EE50852543D
PAPER	9	G06-LANE-4	2	PAPER-2602.21514	PAPER-2602.21514	019ff4ca-0b79-7a20-9f68-4f44fc709ec1	019ff4ec-552b-7a10-bab1-0a7742bae998	COMPLETE	NEGATIVE_EVIDENCE_EXTRACTED	FAIL-NAVIGATION-SAMPLE-MISSES-REGIONS|FAIL-NEIGHBOR-CODES-AMPLIFY-STORAGE|FAIL-PAGESEARCH-COMPUTE-IDLES-DEVICE|FAIL-SPECULATIVE-READS-SATURATE-DEVICE			ALL_PAGES:1-15	A7EE5D5A4DFE15ECB1C974F86CE007E4081F928D64D3CD1EA00C2354EA37DB4E
PAPER	10	G06-LANE-5	2	PAPER-1905.04264	PAPER-1905.04264	019ff4ca-0f74-7e33-9a0c-1077c99ddbad	019ff4ec-552b-7a10-bab1-0a7742bae998	COMPLETE	NEGATIVE_EVIDENCE_EXTRACTED	FAIL-INTERVAL-LOG-EXCEEDS-MEMORY			ALL_PAGES:1-13	19F3862CA377AD025AADE67EDFD5D0FAB3E2A99AF529959EAD5C2E57894364B6
PAPER	11	G06-LANE-1	3	PAPER-2603.01779	PAPER-2603.01779	019ff4ca-000d-7952-b8ba-387ddb6f6728	019ff4ec-552b-7a10-bab1-0a7742bae998	COMPLETE	NEGATIVE_EVIDENCE_EXTRACTED	FAIL-ESTIMATOR-OMITS-PEAK-OVERHEAD|FAIL-TIGHT-MEMORY-INCREASES-RUNTIME			ALL_PAGES:1-13	FAD5D669169C21A6640D333D3C875DE7071E5FC6CDA9220BE927D09F3D1E4592
PAPER	12	G06-LANE-2	3	PAPER-2605.02171	PAPER-2605.02171	019ff4ca-037d-7f63-95ce-c93f3d2442d6	019ff4ec-552b-7a10-bab1-0a7742bae998	COMPLETE	NEGATIVE_EVIDENCE_EXTRACTED	FAIL-INCOMPATIBLE-GEOMETRY-COLLAPSES-RECALL			ALL_PAGES:1-13	F81638089E293883D4B62578D5502B902397C9BF79F6C08ABDF51215A11BBF05
PAPER	13	G06-LANE-3	3	PAPER-2010.09913	PAPER-2010.09913	019ff4ca-07cb-7772-8b81-c4ea3e4e1a96	019ff4ec-552b-7a10-bab1-0a7742bae998	COMPLETE	NEGATIVE_EVIDENCE_EXTRACTED	FAIL-EARLY-ITERATIONS-PAY-CHECKS|FAIL-WEIGHTED-EDGES-NEED-VALUES			ALL_PAGES:1-14	27002B538724103F4C23275B3C57890343C1C30BBD42ED7E1A31DB5DC5E64F27
PAPER	14	G06-LANE-4	3	PAPER-2012.10026	PAPER-2012.10026	019ff4ca-0b79-7a20-9f68-4f44fc709ec1	019ff4ec-552b-7a10-bab1-0a7742bae998	COMPLETE	NEGATIVE_EVIDENCE_EXTRACTED	FAIL-FULL-REORDER-DOMINATES-TRAVERSAL			ALL_PAGES:1-11	D38BA63BA7A9BE019575597263E05D2712205D06C24A1670CDFA9350E1DFF577
PAPER	15	G06-LANE-5	3	PAPER-2507.12925	PAPER-2507.12925	019ff4ca-0f74-7e33-9a0c-1077c99ddbad	019ff4ec-552b-7a10-bab1-0a7742bae998	COMPLETE	NEGATIVE_EVIDENCE_EXTRACTED	FAIL-LONG-PATHS-REPEAT-SCANS			ALL_PAGES:1-22	ED230EFEF2FA888408AB890E82D792A7C83F7B572B81E2D852A5A288ADEEDD87
PAPER	16	G06-LANE-1	4	PAPER-1709.07122	PAPER-1709.07122	019ff4ca-000d-7952-b8ba-387ddb6f6728	019ff4ec-552b-7a10-bab1-0a7742bae998	COMPLETE	NEGATIVE_EVIDENCE_EXTRACTED	FAIL-LARGE-PARTITIONS-THRASH-CACHE			ALL_PAGES:1-15	BEA770DC201079C049825C11C17DB63BAF9FA73D4DBC164A0AA6D55E4AAEE38D
PAPER	17	G06-LANE-2	4	PAPER-1304.4453	PAPER-1304.4453	019ff4ca-037d-7f63-95ce-c93f3d2442d6	019ff4ec-552b-7a10-bab1-0a7742bae998	COMPLETE	NEGATIVE_EVIDENCE_EXTRACTED	FAIL-PARTIAL-COARSE-GRAPH-AMPLIFICATION			ALL_PAGES:1-16	D431B912CF7447476BA9D7F84FF5715F63FF8E5449B55DEEBA39E667C687DA3F
PAPER	18	G06-LANE-3	4	PAPER-2104.09616	PAPER-2104.09616	019ff4ca-07cb-7772-8b81-c4ea3e4e1a96	019ff4ec-552b-7a10-bab1-0a7742bae998	COMPLETE	NEGATIVE_EVIDENCE_EXTRACTED	FAIL-RESIDUAL-PRUNING-BREAKS-EXACTNESS			ALL_PAGES:1-6	04C90F317945836CB8036B26693B36D9793C9104F6EA1C3B9F635ECC3FBE6740
PAPER	19	G06-LANE-4	4	PAPER-2112.00098	PAPER-2112.00098	019ff4ca-0b79-7a20-9f68-4f44fc709ec1	019ff4ec-552b-7a10-bab1-0a7742bae998	COMPLETE	NEGATIVE_EVIDENCE_EXTRACTED	FAIL-AGING-CAPACITY-ABORTS-INSERTIONS			ALL_PAGES:1-23	4EC21951D0B967E8210C8276393015E218D8B7C90A58C4773E851C6495C12591
PAPER	20	G06-LANE-5	4	PAPER-2503.00430	PAPER-2503.00430	019ff4ca-0f74-7e33-9a0c-1077c99ddbad	019ff4ec-552b-7a10-bab1-0a7742bae998	COMPLETE	NEGATIVE_EVIDENCE_EXTRACTED	FAIL-LARGE-FRONTIERS-OVERWHELM-SORTING			ALL_PAGES:1-5	C7D0C583C016AE256C1A8F07BB4358D2DEB17F0494B2D9339FA06DDE8C5B9B93
PAPER	21	G06-LANE-1	5	PAPER-HASH-b12240577b20eaad	PAPER-HASH-b12240577b20eaad	019ff4ca-000d-7952-b8ba-387ddb6f6728	019ff4ec-552b-7a10-bab1-0a7742bae998	COMPLETE	NEGATIVE_EVIDENCE_EXTRACTED	FAIL-TIGHT-MEMORY-INCREASES-RUNTIME			ALL_PAGES:1-22	748C10D482DE78DFCE73D4A43C7430F4AC2663840A9128C1115E142C1A370474
PAPER	22	G06-LANE-2	5	PAPER-2605.19335	PAPER-2605.19335	019ff4ca-037d-7f63-95ce-c93f3d2442d6	019ff4ec-552b-7a10-bab1-0a7742bae998	COMPLETE	NEGATIVE_EVIDENCE_EXTRACTED	FAIL-FEEDBACK-LATENCY-TARGET-OVERSHOOT			ALL_PAGES:1-15	5EB0ECA6EBB828DE998A441B72F791722CA7CD419EF087E8DB6B4356355395C3
PAPER	23	G06-LANE-3	5	PAPER-1602.02864	PAPER-1602.02864	019ff4ca-07cb-7772-8b81-c4ea3e4e1a96	019ff4ec-552b-7a10-bab1-0a7742bae998	COMPLETE	NEGATIVE_EVIDENCE_EXTRACTED	FAIL-DENSE-COLUMN-EXCEEDS-MEMORY			ALL_PAGES:1-14	555DD47DC35F49FDE20B8260FA563BDD5B3AA21B6A72EEB8A997D7877FC1EE8A
PAPER	24	G06-LANE-4	5	PAPER-1603.01876	PAPER-1603.01876	019ff4ca-0b79-7a20-9f68-4f44fc709ec1	019ff4ec-552b-7a10-bab1-0a7742bae998	COMPLETE	NEGATIVE_EVIDENCE_EXTRACTED	FAIL-STAGE-MATERIALIZATION-EXCEEDS-MEMORY			ALL_PAGES:1-9	5BACFE8E12558582BF85BC0FD6C9E11F2745CFAF2DE26A875F2EE794AA997A9A
PAPER	25	G06-LANE-5	5	PAPER-1810.08473	PAPER-1810.08473	019ff4ca-0f74-7e33-9a0c-1077c99ddbad	019ff4ec-552b-7a10-bab1-0a7742bae998	COMPLETE	NEGATIVE_EVIDENCE_EXTRACTED	FAIL-DENSE-MOVES-SATURATE-QUEUE			ALL_PAGES:1-25	D2C2B0B9DC29FF8D28D30F2FCD9B4AC8406A660FC7F14129F6E33381EF37C398
PATTERN	1	G06-LANE-1	1	PAT-BALANCE-BUCKETED-PACKED-SETS	PAPER-0708.3259	019ff4ca-000d-7952-b8ba-387ddb6f6728	019ff4ec-552b-7a10-bab1-0a7742bae998	COMPLETE	ANALYTICAL_TEST_LINKED	FAIL-WIDE-FIELDS-ERASE-PACKING			PAPER_ROWS:PAPER-0708.3259	FFD7AE067587CC9C59F3C40E55C4F4C0165049DC794FB66C44760B2D2DDFD20B
PATTERN	2	G06-LANE-2	1	PAT-BALANCE-PHASE-SPECIFIC-WORKLOADS	PAPER-2012.10026	019ff4ca-037d-7f63-95ce-c93f3d2442d6	019ff4ec-552b-7a10-bab1-0a7742bae998	COMPLETE	SOURCE_FAILURE_LINKED	FAIL-PHASE-SCHEDULING-WORKLOAD-REVERSAL			PAPER_ROWS:PAPER-2012.10026	750A7AF5BEEA9C5BB01079BC84E4B1E9BFA941FCE83F6F3A0C84C91BF5B2AACF
PATTERN	3	G06-LANE-3	1	PAT-BATCH-UPDATES-BEFORE-CONSOLIDATION	PAPER-2603.01779	019ff4ca-07cb-7772-8b81-c4ea3e4e1a96	019ff4ec-552b-7a10-bab1-0a7742bae998	COMPLETE	SOURCE_FAILURE_LINKED	FAIL-QUERY-HEAVY-OVERLAY-CROSSOVER			PAPER_ROWS:PAPER-2603.01779	FAABDBACC6880F59ABFDB082027A1AFBF7131370C937A28DDFF4DB678AC71C21
PATTERN	4	G06-LANE-4	1	PAT-BOUND-GLOBAL-SCORE-TABLE	PAPER-2104.09616	019ff4ca-0b79-7a20-9f68-4f44fc709ec1	019ff4ec-552b-7a10-bab1-0a7742bae998	COMPLETE	SOURCE_FAILURE_LINKED	FAIL-BOUNDED-TABLE-DROPS-CANDIDATES			PAPER_ROWS:PAPER-2104.09616	02A74EAC2D4206883FDF8159A53A50034DB9B3C4BDBE070F3D092CB27356E8CB
PATTERN	5	G06-LANE-5	1	PAT-BOUND-OVERRUN-FROM-SAMPLES	PAPER-2605.19335	019ff4ca-0f74-7e33-9a0c-1077c99ddbad	019ff4ec-552b-7a10-bab1-0a7742bae998	COMPLETE	ANALYTICAL_TEST_LINKED	FAIL-RECENT-SAMPLES-MISS-SHIFTS			PAPER_ROWS:PAPER-2605.19335	0F44465A6C7DBA01A3D54C87C268A0A89909D01FFA1A877E8051FDFDB1E1BA59
PATTERN	6	G06-LANE-1	2	PAT-BOUND-SEARCH-CANDIDATE-FRONTIER	PAPER-2101.12631	019ff4ca-000d-7952-b8ba-387ddb6f6728	019ff4ec-552b-7a10-bab1-0a7742bae998	COMPLETE	SOURCE_FAILURE_LINKED	FAIL-BOUNDED-FRONTIER-MISSES-NEAREST			PAPER_ROWS:PAPER-2101.12631	9ECE03E34209BACDF01661353B9BFD9E1782F067DF1E27FCA3B03CBD394D4162
PATTERN	7	G06-LANE-2	2	PAT-CACHE-ENTRY-NEARBY-VERTICES	PAPER-2602.21514	019ff4ca-037d-7f63-95ce-c93f3d2442d6	019ff4ec-552b-7a10-bab1-0a7742bae998	COMPLETE	ANALYTICAL_TEST_LINKED	FAIL-STATIC-ENTRY-CACHE-SHIFT			PAPER_ROWS:PAPER-2602.21514	B55532691F0BC8781CB241C5A0741F3290012C4EDA6D0DAB794F4D40D51F0B5B
PATTERN	8	G06-LANE-3	2	PAT-CHECKPOINT-PRUNING-BETWEEN-STALLS	PAPER-2605.19335	019ff4ca-07cb-7772-8b81-c4ea3e4e1a96	019ff4ec-552b-7a10-bab1-0a7742bae998	COMPLETE	SOURCE_FAILURE_LINKED	FAIL-IOBOUND-UPDATES-EMPTY-STALLS			PAPER_ROWS:PAPER-2605.19335	3A8F53E64BC18999C170236B224ABA96EA16391D1BA24B199FA95F4FD8750BED
PATTERN	9	G06-LANE-4	2	PAT-COLOCATE-NEIGHBOR-CODES-ONDISK	PAPER-2602.21514	019ff4ca-0b79-7a20-9f68-4f44fc709ec1	019ff4ec-552b-7a10-bab1-0a7742bae998	COMPLETE	SOURCE_FAILURE_LINKED	FAIL-NEIGHBOR-CODES-AMPLIFY-STORAGE			PAPER_ROWS:PAPER-2602.21514	EED89F977F59CE821ED78FF638B116501A17A59BDA37C7F67DB7A1C45C02AB9E
PATTERN	10	G06-LANE-5	2	PAT-COLOCATE-NEIGHBORS-WITHIN-PAGES	PAPER-2602.21514	019ff4ca-0f74-7e33-9a0c-1077c99ddbad	019ff4ec-552b-7a10-bab1-0a7742bae998	COMPLETE	SOURCE_FAILURE_LINKED	FAIL-PAGE-SHUFFLE-EXCEEDS-MEMORY|FAIL-PAGE-SHUFFLE-LOSES-UTILITY			PAPER_ROWS:PAPER-2602.21514	3BF22C0F2B41183F4CBB499CBC50A37BC20D8E0BFE88D1B515CC3610C115801C
PATTERN	11	G06-LANE-1	3	PAT-COMPOSE-MULTIRESOLUTION-CLUSTER-ORDERS	PAPER-1011.5425	019ff4ca-000d-7952-b8ba-387ddb6f6728	019ff4ec-552b-7a10-bab1-0a7742bae998	COMPLETE	SOURCE_FAILURE_LINKED	FAIL-GRAPH-RESIDENCY-ADDS-PASSES|FAIL-SINGLE-RESOLUTION-LOSES-ORDERING			PAPER_ROWS:PAPER-1011.5425	27BA6C65AB8E74173EBD754CA41C33F4F78AE0CF1F4A470D5141EC3F1BEB4FFE
PATTERN	12	G06-LANE-2	3	PAT-COMPRESS-SORTED-ID-STREAMS	PAPER-HASH-b12240577b20eaad	019ff4ca-037d-7f63-95ce-c93f3d2442d6	019ff4ec-552b-7a10-bab1-0a7742bae998	COMPLETE	ANALYTICAL_TEST_LINKED	FAIL-XOR-STREAM-COMPRESSION-CROSSOVER			PAPER_ROWS:PAPER-HASH-b12240577b20eaad	0CAD0CC7ED70DE9C224F9114D71566879F20FE13CA0C46469FA17BD17EAF068A
PATTERN	13	G06-LANE-3	3	PAT-DECOMPOSE-DIFFUSION-INTO-STAGES	PAPER-2104.09616	019ff4ca-07cb-7772-8b81-c4ea3e4e1a96	019ff4ec-552b-7a10-bab1-0a7742bae998	COMPLETE	ANALYTICAL_TEST_LINKED	FAIL-RESIDUAL-PRUNING-BREAKS-EXACTNESS			PAPER_ROWS:PAPER-2104.09616	DBAD5FFC2460B7491D01D633BCEF941C8FD8E3433145EDA14AFD44819EA31099
PATTERN	14	G06-LANE-4	3	PAT-DECOUPLE-NAVIGATION-VECTOR-BLOCKS	PAPER-2603.01779	019ff4ca-0b79-7a20-9f68-4f44fc709ec1	019ff4ec-552b-7a10-bab1-0a7742bae998	COMPLETE	SOURCE_FAILURE_LINKED	FAIL-DECOUPLED-LAYOUT-DOUBLES-READS			PAPER_ROWS:PAPER-2603.01779	6714EDCD4E296BBE6530CB90B9B474F18555EE9D710BA2F4F60DB3DC93289EB7
PATTERN	15	G06-LANE-5	3	PAT-EXPLORE-SUPERSET-VERIFY-RESULTS	PAPER-2605.17992	019ff4ca-0f74-7e33-9a0c-1077c99ddbad	019ff4ec-552b-7a10-bab1-0a7742bae998	COMPLETE	ANALYTICAL_TEST_LINKED	FAIL-FALSE-NEGATIVES-ESCAPE-VERIFICATION|FAIL-FALSE-POSITIVES-AMPLIFY-WORKLOAD			PAPER_ROWS:PAPER-2605.17992	6112038904B83DC7B28B281ABA74A91A330017014EEF4023B72B0C7954ED8D5E
PATTERN	16	G06-LANE-1	4	PAT-FILTER-COMPRESSED-RERANK-EXACTLY	PAPER-2602.21514	019ff4ca-000d-7952-b8ba-387ddb6f6728	019ff4ec-552b-7a10-bab1-0a7742bae998	COMPLETE	ANALYTICAL_TEST_LINKED	FAIL-COMPRESSED-FILTER-DROPS-NEIGHBOR			PAPER_ROWS:PAPER-2602.21514	752A9CE259AD250FA391F540AB80FC174CB59A9522048477EA659C3D188C56D3
PATTERN	17	G06-LANE-2	4	PAT-GROW-BEAM-WIDTH-PROGRESSIVELY	PAPER-2602.21514	019ff4ca-037d-7f63-95ce-c93f3d2442d6	019ff4ec-552b-7a10-bab1-0a7742bae998	COMPLETE	ANALYTICAL_TEST_LINKED	FAIL-PROGRESSIVE-BEAM-IO-EXPANSION			PAPER_ROWS:PAPER-2602.21514	A2D1B6E1C78707D628369B3214462ECE349922954E757096D131CF31CAEAD781
PATTERN	18	G06-LANE-3	4	PAT-INFER-UNWEIGHTED-EDGE-VALUES	PAPER-2010.09913	019ff4ca-07cb-7772-8b81-c4ea3e4e1a96	019ff4ec-552b-7a10-bab1-0a7742bae998	COMPLETE	SOURCE_FAILURE_LINKED	FAIL-WEIGHTED-EDGES-NEED-VALUES			PAPER_ROWS:PAPER-2010.09913	B3708FC0B5113013E0E168BB06ED708B27200F4D78E4D03B9947C4126FC8AB77
PATTERN	19	G06-LANE-4	4	PAT-INLINE-LOW-DEGREE-ADJACENCIES	PAPER-2511.07886	019ff4ca-0b79-7a20-9f68-4f44fc709ec1	019ff4ec-552b-7a10-bab1-0a7742bae998	COMPLETE	SOURCE_FAILURE_LINKED	FAIL-INLINE-THRESHOLD-INFLATES-MEMORY			PAPER_ROWS:PAPER-2511.07886	67622E9C18C8B7D874C830B64F09C898F0D87051A5394F0F8D9CACB980942FD0
PATTERN	20	G06-LANE-5	4	PAT-INTERLEAVE-PARTITION-UPDATES-SAFELY	PAPER-1806.08092	019ff4ca-0f74-7e33-9a0c-1077c99ddbad	019ff4ec-552b-7a10-bab1-0a7742bae998	COMPLETE	ANALYTICAL_TEST_LINKED	FAIL-INTERLEAVING-LOSES-EXCLUSIVE-OWNERSHIP			PAPER_ROWS:PAPER-1806.08092	ED879C4D8CC288038897B6C6118C53F71851A65E6505ACAC124D127F41B73296
PATTERN	21	G06-LANE-1	5	PAT-MATERIALIZE-EACH-PIPELINE-STAGE	PAPER-1603.01876	019ff4ca-000d-7952-b8ba-387ddb6f6728	019ff4ec-552b-7a10-bab1-0a7742bae998	COMPLETE	SOURCE_FAILURE_LINKED	FAIL-FIXED-ITERATIONS-MISS-CONVERGENCE|FAIL-INMEMORY-SORT-EXCEEDS-BUDGET|FAIL-STAGE-MATERIALIZATION-EXCEEDS-MEMORY			PAPER_ROWS:PAPER-1603.01876	B3943DAB47C0B6AB067C82B5470D2B3138C43D45575C39589102E94D9C67D4D6
PATTERN	22	G06-LANE-2	5	PAT-MERGE-THREAD-LOCAL-COARSENINGS	PAPER-1304.4453	019ff4ca-037d-7f63-95ce-c93f3d2442d6	019ff4ec-552b-7a10-bab1-0a7742bae998	COMPLETE	ANALYTICAL_TEST_LINKED	FAIL-PARTIAL-COARSE-GRAPH-AMPLIFICATION			PAPER_ROWS:PAPER-1304.4453	BE30E37BD22B5722517EF14B0F8496966F09A465CCFEC6D998479718E41127F0
PATTERN	23	G06-LANE-3	5	PAT-NAVIGATE-BINARY-RERANK-EXACTLY	PAPER-2605.02171	019ff4ca-07cb-7772-8b81-c4ea3e4e1a96	019ff4ec-552b-7a10-bab1-0a7742bae998	COMPLETE	SOURCE_FAILURE_LINKED	FAIL-INCOMPATIBLE-GEOMETRY-COLLAPSES-RECALL			PAPER_ROWS:PAPER-2605.02171	8569AA1622EECDCD4F1594381D955A56626A7DDA7C77B1B400A994DCBA9233E1
PATTERN	24	G06-LANE-4	5	PAT-NAVIGATE-MEMORY-BEFORE-DISK	PAPER-2602.21514	019ff4ca-0b79-7a20-9f68-4f44fc709ec1	019ff4ec-552b-7a10-bab1-0a7742bae998	COMPLETE	SOURCE_FAILURE_LINKED	FAIL-NAVIGATION-SAMPLE-MISSES-REGIONS			PAPER_ROWS:PAPER-2602.21514	05B91810BAC7C584F8AA1014933468565C5B65BE3744C72F34B0BCDAE7293C87
PATTERN	25	G06-LANE-5	5	PAT-ORDER-QUERIES-WITH-STREAM	PAPER-2112.00098	019ff4ca-0f74-7e33-9a0c-1077c99ddbad	019ff4ec-552b-7a10-bab1-0a7742bae998	COMPLETE	SOURCE_FAILURE_LINKED	FAIL-AGING-SUSPENDS-STREAM-QUERIES|FAIL-LARGE-OUTPUTS-SERIALIZE-QUERIES			PAPER_ROWS:PAPER-2112.00098	C0CA765E2321F89AE6C2B5342B992C21E9526C83DA59D4D46AF0D979DFD0AA31
PATTERN	26	G06-LANE-1	6	PAT-PACK-CONNECTIVITY-STATE-PREFIX	PAPER-2112.00098	019ff4ca-000d-7952-b8ba-387ddb6f6728	019ff4ec-552b-7a10-bab1-0a7742bae998	COMPLETE	SOURCE_FAILURE_LINKED	FAIL-FULL-RING-REJECTS-INGESTION			PAPER_ROWS:PAPER-2112.00098	F070EBB663868CFFC1D6DF3BA8C38B840548B2FAE0CD523032C12AED54EAAD03
PATTERN	27	G06-LANE-2	6	PAT-PACK-NONEMPTY-SPARSE-ROWS	PAPER-1602.02864	019ff4ca-037d-7f63-95ce-c93f3d2442d6	019ff4ec-552b-7a10-bab1-0a7742bae998	COMPLETE	ANALYTICAL_TEST_LINKED	FAIL-SPARSE-ROW-ADVANTAGE-VANISHES			PAPER_ROWS:PAPER-1602.02864	60360706C4B3B0DCDA95AD1936DC78350144655E4582E8352286D20908CB5DE0
PATTERN	28	G06-LANE-3	6	PAT-PARTITION-UPDATES-BY-DESTINATION	PAPER-1905.04264	019ff4ca-07cb-7772-8b81-c4ea3e4e1a96	019ff4ec-552b-7a10-bab1-0a7742bae998	COMPLETE	SOURCE_FAILURE_LINKED	FAIL-ALLACTIVE-MUTATIONS-AMPLIFY-LOGGING|FAIL-INTERVAL-LOG-EXCEEDS-MEMORY			PAPER_ROWS:PAPER-1905.04264	EB3A756BE82A5CCCAF7EE357A56900C88DEE5825D738F3DDC9690016B85BA7FB
PATTERN	29	G06-LANE-4	6	PAT-PIPELINE-ASYNC-IO-COMPUTE	PAPER-2511.07886	019ff4ca-0b79-7a20-9f68-4f44fc709ec1	019ff4ec-552b-7a10-bab1-0a7742bae998	COMPLETE	SOURCE_FAILURE_LINKED	FAIL-SPECULATIVE-READS-SATURATE-DEVICE|FAIL-SYNCHRONOUS-BARRIERS-DEFEAT-PIPELINE			PAPER_ROWS:PAPER-2511.07886	4E19C41D1C49773DE8D66C6365D522D1685B415F209745F62EBEEC24A7682AFD
PATTERN	30	G06-LANE-5	6	PAT-PIPELINE-ASYNCHRONOUS-DISK-READS	PAPER-2602.21514	019ff4ca-0f74-7e33-9a0c-1077c99ddbad	019ff4ec-552b-7a10-bab1-0a7742bae998	COMPLETE	ANALYTICAL_TEST_LINKED	FAIL-SERIAL-DEPENDENCIES-ELIMINATE-OVERLAP			PAPER_ROWS:PAPER-2602.21514	6561622816107C5A9780C4B67E9EF3D209A4315D77FEA96947A59B708B50E75C
PATTERN	31	G06-LANE-1	7	PAT-PLACE-SCALE-GROWING-STATE	PAPER-2603.01779	019ff4ca-000d-7952-b8ba-387ddb6f6728	019ff4ec-552b-7a10-bab1-0a7742bae998	COMPLETE	SOURCE_FAILURE_LINKED	FAIL-ESTIMATOR-OMITS-PEAK-OVERHEAD|FAIL-TIGHT-MEMORY-INCREASES-RUNTIME			PAPER_ROWS:PAPER-2603.01779	A1A5FADC4923B7E4735F9D3DA1BB54501E3A1E93D998DC700400415F92FBF046
PATTERN	32	G06-LANE-2	7	PAT-PREFETCH-CANDIDATE-BLOCKS-ASYNCHRONOUSLY	PAPER-2603.01779	019ff4ca-037d-7f63-95ce-c93f3d2442d6	019ff4ec-552b-7a10-bab1-0a7742bae998	COMPLETE	SOURCE_FAILURE_LINKED	FAIL-SPECULATIVE-PREFETCH-READ-AMPLIFICATION			PAPER_ROWS:PAPER-2603.01779	DFD6975F745B15BC39F8D256E00D6E7845B52F7EDD9D82B4E8791B24F0E8FD97
PATTERN	33	G06-LANE-3	7	PAT-PREFETCH-DISPLACED-SEARCH-STATE	PAPER-2605.19335	019ff4ca-07cb-7772-8b81-c4ea3e4e1a96	019ff4ec-552b-7a10-bab1-0a7742bae998	COMPLETE	ANALYTICAL_TEST_LINKED	FAIL-LATE-PREFETCH-MISSES-REUSE			PAPER_ROWS:PAPER-2605.19335	D8B8EFADEF6EBAF17E26C67717F065EB64ABE1680C1BF40C62BACB960A1F9C6E
PATTERN	34	G06-LANE-4	7	PAT-PRIORITIZE-RESIDENT-ACTIVE-BLOCKS	PAPER-2511.07886	019ff4ca-0b79-7a20-9f68-4f44fc709ec1	019ff4ec-552b-7a10-bab1-0a7742bae998	COMPLETE	SOURCE_FAILURE_LINKED	FAIL-RESIDENT-REUSE-STARVES-PRIORITIES			PAPER_ROWS:PAPER-2511.07886	42E2E57535DABED78AF07CBAAA6BA1E59467F84E11E82A38413418DF0933F828
PATTERN	35	G06-LANE-5	7	PAT-PROBE-QUANTIZED-TOPOLOGY-COMPATIBILITY	PAPER-2605.02171	019ff4ca-0f74-7e33-9a0c-1077c99ddbad	019ff4ec-552b-7a10-bab1-0a7742bae998	COMPLETE	ANALYTICAL_TEST_LINKED	FAIL-SAMPLED-PROBE-MISCLASSIFIES-DRIFT			PAPER_ROWS:PAPER-2605.02171	AA01BC83A23F05C7B6020800DC3830E5094E98367A90B93719C1B39BA32B7D14
PATTERN	36	G06-LANE-1	8	PAT-PROBE-SMALLEST-SET-FIRST	PAPER-0708.3259	019ff4ca-000d-7952-b8ba-387ddb6f6728	019ff4ec-552b-7a10-bab1-0a7742bae998	COMPLETE	ANALYTICAL_TEST_LINKED	FAIL-SYMMETRIC-SETS-REVERSE-COST			PAPER_ROWS:PAPER-0708.3259	97652AF088EFD6BCCADB90529BD8A680C3F06E9F6E149311679D5793D6747E92
PATTERN	37	G06-LANE-2	8	PAT-PRUNE-NEIGHBORS-BY-DIVERSITY	PAPER-2101.12631	019ff4ca-037d-7f63-95ce-c93f3d2442d6	019ff4ec-552b-7a10-bab1-0a7742bae998	COMPLETE	ANALYTICAL_TEST_LINKED	FAIL-DIVERSITY-PRUNING-CONNECTIVITY-LOSS			PAPER_ROWS:PAPER-2101.12631	EC10F06461DF126824C66452869D751C9D41F8A8C503105E781EDB5E4C55105F
PATTERN	38	G06-LANE-3	8	PAT-PRUNE-SETTLED-SEARCH-STATE	PAPER-2507.12925	019ff4ca-07cb-7772-8b81-c4ea3e4e1a96	019ff4ec-552b-7a10-bab1-0a7742bae998	COMPLETE	ANALYTICAL_TEST_LINKED	FAIL-LATE-SETTLEMENT-ERASES-PRUNING			PAPER_ROWS:PAPER-2507.12925	9462C0CF7AFE62E66D5BF7856855F7C5F33C056F947ADB6CC3EDBCB65F1F639F
PATTERN	39	G06-LANE-4	8	PAT-PUSHBACK-LARGE-RESIDUALS-LOCALLY	PAPER-HASH-c2a6a5317d82ac28	019ff4ca-0b79-7a20-9f68-4f44fc709ec1	019ff4ec-552b-7a10-bab1-0a7742bae998	COMPLETE	SOURCE_FAILURE_LINKED	FAIL-HIGH-INDEGREE-DESTROYS-RUNTIME			PAPER_ROWS:PAPER-HASH-c2a6a5317d82ac28	D4E65D6C13A21FCEDA6FAA483D3472201979F3E254F724CB10E8D4192F948245
PATTERN	40	G06-LANE-5	8	PAT-REACTIVATE-CHANGED-NEIGHBORS-ONLY	PAPER-1304.4453	019ff4ca-0f74-7e33-9a0c-1077c99ddbad	019ff4ec-552b-7a10-bab1-0a7742bae998	COMPLETE	ANALYTICAL_TEST_LINKED	FAIL-EARLY-THRESHOLD-STOPS-STABILIZATION			PAPER_ROWS:PAPER-1304.4453	2272525B5479BB15EC21A43702F065228436550DD49DB5184AE08B79839A862B
PATTERN	41	G06-LANE-1	9	PAT-RECOMPUTE-NEIGHBOR-WEIGHTS-LOCALLY	PAPER-1304.4453	019ff4ca-000d-7952-b8ba-387ddb6f6728	019ff4ec-552b-7a10-bab1-0a7742bae998	COMPLETE	SOURCE_FAILURE_LINKED	FAIL-THREAD-VECTORS-EXCEED-BUDGET			PAPER_ROWS:PAPER-1304.4453	ABEDB4E64CA917C39DF1ADD0C712118897CA1F7CBAF8D3AD399CF63ABD548E45
PATTERN	42	G06-LANE-2	9	PAT-RECYCLE-SURVIVORS-DURING-AGING	PAPER-2112.00098	019ff4ca-037d-7f63-95ce-c93f3d2442d6	019ff4ec-552b-7a10-bab1-0a7742bae998	COMPLETE	SOURCE_FAILURE_LINKED	FAIL-AGING-CAPACITY-ABORTS-INSERTIONS|FAIL-AGING-SURVIVOR-CAPACITY-OVERRUN			PAPER_ROWS:PAPER-2112.00098	081F1BC1D917CE3FE8CD3D8907F0F6A0B44177D0E1054D20806CF3DA681DA2B9
PATTERN	43	G06-LANE-3	9	PAT-REFINE-COMMUNITIES-BEFORE-AGGREGATION	PAPER-1810.08473	019ff4ca-07cb-7772-8b81-c4ea3e4e1a96	019ff4ec-552b-7a10-bab1-0a7742bae998	COMPLETE	ANALYTICAL_TEST_LINKED	FAIL-EARLY-STOPPING-WEAKENS-GUARANTEES			PAPER_ROWS:PAPER-1810.08473	C3D61A2FE4E43F1D8D1E70F589A796E3B55662C67D15ED63AF3E7E51D2550D3B
PATTERN	44	G06-LANE-4	9	PAT-REFINE-ENDPOINT-SAMPLES-RECURSIVELY	PAPER-HASH-0232e71ded2b5c43	019ff4ca-0b79-7a20-9f68-4f44fc709ec1	019ff4ec-552b-7a10-bab1-0a7742bae998	COMPLETE	ANALYTICAL_TEST_LINKED	FAIL-RECURSION-FANOUT-AMPLIFIES-STATE			PAPER_ROWS:PAPER-HASH-0232e71ded2b5c43	FE3BD074D50F633F1B0079FFD8D2AE9B414738E08AB11C0CA319131CC7F912AB
PATTERN	45	G06-LANE-5	9	PAT-REFINE-HASHED-CANDIDATES-EXACTLY	PAPER-0708.3259	019ff4ca-0f74-7e33-9a0c-1077c99ddbad	019ff4ec-552b-7a10-bab1-0a7742bae998	COMPLETE	ANALYTICAL_TEST_LINKED	FAIL-NONMONOTONE-OPERATORS-BREAK-PRESERVATION			PAPER_ROWS:PAPER-0708.3259	28BAA6FA372143F62797171C8D656E57B14DEDD1D5E501714C12C3BEE8C7DE56
PATTERN	46	G06-LANE-1	10	PAT-RELABEL-VERTICES-FOR-LOCALITY	PAPER-2012.10026	019ff4ca-000d-7952-b8ba-387ddb6f6728	019ff4ec-552b-7a10-bab1-0a7742bae998	COMPLETE	SOURCE_FAILURE_LINKED	FAIL-FULL-REORDER-DOMINATES-TRAVERSAL			PAPER_ROWS:PAPER-2012.10026	0142D059AFB28FABE3DD440DF6F733D2C30A43F7B3F9E5FB8F00FD7C89D704CB
PATTERN	47	G06-LANE-2	10	PAT-RELOG-PREDICTED-ACTIVE-EDGES	PAPER-1905.04264	019ff4ca-037d-7f63-95ce-c93f3d2442d6	019ff4ec-552b-7a10-bab1-0a7742bae998	COMPLETE	ANALYTICAL_TEST_LINKED	FAIL-ACTIVE-EDGE-PREDICTION-MISS			PAPER_ROWS:PAPER-1905.04264	6A01BE61F1AA2A1F204E0A5B8C79B8613B157DD87C39A77A6194BF678E07776C
PATTERN	48	G06-LANE-3	10	PAT-REPLENISH-IO-EACH-COMPLETION	PAPER-2602.21514	019ff4ca-07cb-7772-8b81-c4ea3e4e1a96	019ff4ec-552b-7a10-bab1-0a7742bae998	COMPLETE	SOURCE_FAILURE_LINKED	FAIL-SATURATED-PIPELINE-AMPLIFIES-CONTENTION			PAPER_ROWS:PAPER-2602.21514	DC606EDFD5D38DF4CEB8D09949D22540195F1E5893E5C2D07200AD4D5C64C077
PATTERN	49	G06-LANE-4	10	PAT-REUSE-LOADED-SUBGRIDS-SELECTIVELY	PAPER-HASH-b12240577b20eaad	019ff4ca-0b79-7a20-9f68-4f44fc709ec1	019ff4ec-552b-7a10-bab1-0a7742bae998	COMPLETE	ANALYTICAL_TEST_LINKED	FAIL-SUBGRID-SKIP-BREAKS-CONVERGENCE			PAPER_ROWS:PAPER-HASH-b12240577b20eaad	ADCF029F0E6B3F41B5D4D7A7E03611A6FA7FA7BF80CB2DC253707610E3FFA823
PATTERN	50	G06-LANE-5	10	PAT-REVISIT-CHANGED-NEIGHBORHOODS-ONLY	PAPER-1810.08473	019ff4ca-0f74-7e33-9a0c-1077c99ddbad	019ff4ec-552b-7a10-bab1-0a7742bae998	COMPLETE	ANALYTICAL_TEST_LINKED	FAIL-DENSE-MOVES-SATURATE-QUEUE			PAPER_ROWS:PAPER-1810.08473	89CFBAE5568FF22DD9CEEE59820F5914B75F2D1A61A03C051BA9156A3B64DB60
PATTERN	51	G06-LANE-1	11	PAT-ROUTE-FILTERS-BY-COST	PAPER-2605.17992	019ff4ca-000d-7952-b8ba-387ddb6f6728	019ff4ec-552b-7a10-bab1-0a7742bae998	COMPLETE	SOURCE_FAILURE_LINKED	FAIL-CLUSTERED-FILTERS-MISROUTE-PLANS			PAPER_ROWS:PAPER-2605.17992	8D7E1AE038BAB290A74617776598A4CDB5C9DA563589E0A3C2DAB6A41D971759
PATTERN	52	G06-LANE-2	11	PAT-SCAN-RARE-FILTER-FREQUENT	PAPER-2605.17992	019ff4ca-037d-7f63-95ce-c93f3d2442d6	019ff4ec-552b-7a10-bab1-0a7742bae998	COMPLETE	ANALYTICAL_TEST_LINKED	FAIL-CORRELATED-LABEL-FILTER-REVERSAL			PAPER_ROWS:PAPER-2605.17992	548383A95D264D309C0F87F47B7EE2B0DA8916E8D917A611444B209DC72C6232
PATTERN	53	G06-LANE-3	11	PAT-SCHEDULE-SUBGRIDS-BY-DEPENDENCY	PAPER-HASH-b12240577b20eaad	019ff4ca-07cb-7772-8b81-c4ea3e4e1a96	019ff4ec-552b-7a10-bab1-0a7742bae998	COMPLETE	ANALYTICAL_TEST_LINKED	FAIL-PREMATURE-SUBGRID-READS-STALE			PAPER_ROWS:PAPER-HASH-b12240577b20eaad	705F7A9637ED83749EC5E17B22AAD6B37CD7AE0BF7D48CE1310B18C9F366EF17
PATTERN	54	G06-LANE-4	11	PAT-SEARCH-EVERY-FETCHED-RECORD	PAPER-2602.21514	019ff4ca-0b79-7a20-9f68-4f44fc709ec1	019ff4ec-552b-7a10-bab1-0a7742bae998	COMPLETE	SOURCE_FAILURE_LINKED	FAIL-PAGESEARCH-COMPUTE-IDLES-DEVICE			PAPER_ROWS:PAPER-2602.21514	FD031C8F42A2B385BFE8B0A1110E6C2B72B5CC5C823EE4B4FE440BA7500AAB0C
PATTERN	55	G06-LANE-5	11	PAT-SELECT-HIGH-RESIDUAL-SUBGRAPHS	PAPER-2104.09616	019ff4ca-0f74-7e33-9a0c-1077c99ddbad	019ff4ec-552b-7a10-bab1-0a7742bae998	COMPLETE	ANALYTICAL_TEST_LINKED	FAIL-DIFFUSE-RESIDUALS-ERASE-SPEEDUP			PAPER_ROWS:PAPER-2104.09616	F46F2921C6D826F7D021968EE9798D653C141E5809E61EE63A318466F9D59638
PATTERN	56	G06-LANE-1	12	PAT-SELECT-PARTITION-SCATTER-MODE	PAPER-1806.08092	019ff4ca-000d-7952-b8ba-387ddb6f6728	019ff4ec-552b-7a10-bab1-0a7742bae998	COMPLETE	SOURCE_FAILURE_LINKED	FAIL-LARGE-PARTITIONS-THRASH-CACHE|FAIL-WRONG-SCATTER-MODE-WASTES			PAPER_ROWS:PAPER-1806.08092	553C3DF003AE7D8EA5B285AC8E5EF847BA194F12074C6D9494526F3B034CEB77
PATTERN	57	G06-LANE-2	12	PAT-SHRINK-VISITED-PARTITION-BOUNDS	PAPER-2012.10026	019ff4ca-037d-7f63-95ce-c93f3d2442d6	019ff4ec-552b-7a10-bab1-0a7742bae998	COMPLETE	SOURCE_FAILURE_LINKED	FAIL-PARTITION-BOUND-SHRINK-STAGNATION			PAPER_ROWS:PAPER-2012.10026	3C47BEC786B5D54F0317854139B1A0600B29D54E5C9E3FE5C5AA507D13273594
PATTERN	58	G06-LANE-3	12	PAT-SKIP-FINALIZED-VECTOR-CHUNKS	PAPER-2010.09913	019ff4ca-07cb-7772-8b81-c4ea3e4e1a96	019ff4ec-552b-7a10-bab1-0a7742bae998	COMPLETE	SOURCE_FAILURE_LINKED	FAIL-EARLY-ITERATIONS-PAY-CHECKS			PAPER_ROWS:PAPER-2010.09913	7EE4B155AAF5A96B13C896CC72D28FBD043377E4EE93F4B54E2B779C51E9E6CF
PATTERN	59	G06-LANE-4	12	PAT-SKIP-INACTIVE-BINS-HIERARCHICALLY	PAPER-1806.08092	019ff4ca-0b79-7a20-9f68-4f44fc709ec1	019ff4ec-552b-7a10-bab1-0a7742bae998	COMPLETE	ANALYTICAL_TEST_LINKED	FAIL-DENSE-ACTIVITY-OVERLOADS-LISTS			PAPER_ROWS:PAPER-1806.08092	C481659F06530C0D9117083BAC0FDA58A9CADED23A9A5E03A519FE68AB5A8715
PATTERN	60	G06-LANE-5	12	PAT-SORT-THEN-WRITE-DISTANCES	PAPER-2503.00430	019ff4ca-0f74-7e33-9a0c-1077c99ddbad	019ff4ec-552b-7a10-bab1-0a7742bae998	COMPLETE	ANALYTICAL_TEST_LINKED	FAIL-LARGE-FRONTIERS-OVERWHELM-SORTING			PAPER_ROWS:PAPER-2503.00430	4472AB958DA9BE87114F062D0304072DAE0A68502776B3F545D6B87BC03F89FD
PATTERN	61	G06-LANE-1	13	PAT-STORE-RANDOM-WALK-ENDPOINTS	PAPER-HASH-0232e71ded2b5c43	019ff4ca-000d-7952-b8ba-387ddb6f6728	019ff4ec-552b-7a10-bab1-0a7742bae998	COMPLETE	SOURCE_FAILURE_LINKED	FAIL-LONG-WALKS-MULTIPLY-SCANS|FAIL-TIED-RANKS-RESIST-SAMPLING			PAPER_ROWS:PAPER-HASH-0232e71ded2b5c43	1A64ADA35F574497E161CB7E2ECEC8CAB570D34CBE330631F51455FA0D44C62D
PATTERN	62	G06-LANE-2	13	PAT-STREAM-PARTITIONED-UPDATES-SEQUENTIALLY	PAPER-1709.07122|PAPER-1806.08092	019ff4ca-037d-7f63-95ce-c93f3d2442d6	019ff4ec-552b-7a10-bab1-0a7742bae998	COMPLETE	SOURCE_FAILURE_LINKED	FAIL-CACHE-PARTITION-SPILL-REVERSAL			PAPER_ROWS:PAPER-1709.07122|PAPER-1806.08092	2E29C9F4E70F9F0EFD4F1761F4D5A4A0AC19A79DABAA8C3AA6BEC3D38E5601C2
PATTERN	63	G06-LANE-3	13	PAT-STREAM-SPARSE-KEEP-DENSE	PAPER-1602.02864	019ff4ca-07cb-7772-8b81-c4ea3e4e1a96	019ff4ec-552b-7a10-bab1-0a7742bae998	COMPLETE	ANALYTICAL_TEST_LINKED	FAIL-DENSE-COLUMN-EXCEEDS-MEMORY			PAPER_ROWS:PAPER-1602.02864	73E78A329803F4A63B3953E2FF553C72BE3A4ED610FE47A3CAC8018D366AF378
PATTERN	64	G06-LANE-4	13	PAT-SWITCH-TRAVERSAL-BY-FRONTIER	PAPER-2503.00430	019ff4ca-0b79-7a20-9f68-4f44fc709ec1	019ff4ec-552b-7a10-bab1-0a7742bae998	COMPLETE	ANALYTICAL_TEST_LINKED	FAIL-FRONTIER-HEURISTIC-MISSELECTS-DIRECTION			PAPER_ROWS:PAPER-2503.00430	29DC9FBAB4A9271F08D77E80980EA178F16CBB38D5DF4C9F42711DA90E16E7F2
PATTERN	65	G06-LANE-5	13	PAT-THRESHOLD-INMEMORY-SKETCH-GROWTH	PAPER-2507.12925	019ff4ca-0f74-7e33-9a0c-1077c99ddbad	019ff4ec-552b-7a10-bab1-0a7742bae998	COMPLETE	ANALYTICAL_TEST_LINKED	FAIL-LONG-PATHS-REPEAT-SCANS			PAPER_ROWS:PAPER-2507.12925	4D7B758107CA5C8E58D63EC84DB4F02D38FDA5E13E29CCE48C41E19E3EBA1C16
PATTERN	66	G06-LANE-1	14	PAT-TRACK-VISITED-WITH-BITMAPS	PAPER-2503.00430	019ff4ca-000d-7952-b8ba-387ddb6f6728	019ff4ec-552b-7a10-bab1-0a7742bae998	COMPLETE	SOURCE_FAILURE_LINKED	FAIL-BITMAP-OVERHEAD-OUTWEIGHS-LOCALITY			PAPER_ROWS:PAPER-2503.00430	F2957AE6DFB913DE181B8C4781C1A351F192A966E2457BF11C65D257C93A0A9E
PATTERN	67	G06-LANE-2	14	PAT-TUNE-IDLE-WINDOW-UTILIZATION	PAPER-2605.19335	019ff4ca-037d-7f63-95ce-c93f3d2442d6	019ff4ec-552b-7a10-bab1-0a7742bae998	COMPLETE	SOURCE_FAILURE_LINKED	FAIL-FEEDBACK-LATENCY-TARGET-OVERSHOOT			PAPER_ROWS:PAPER-2605.19335	97B36F98A9ED35B52D5B53B8B926501CB898F0066FBBA4CDAAAB8F2296A76C37
