lane	path	sha256	bytes	extension	default_file_class	assigned_agent
04-prd03	docs_PRD03/implementation-readiness/Artifact-Model-Catalog-Contract.md	a985448f23c656c219a94a441a35f8eae4dc9adfa7ad995629ba10e99de7c5a7	4663	md	semantic_text_candidate	agent-04
04-prd03	docs_PRD03/implementation-readiness/Benchmark-Proof-Plan.md	911b255287555b178ba3435759014a484c32836cd47bd18fb2b465bfc6b56091	4483	md	semantic_text_candidate	agent-04
04-prd03	docs_PRD03/implementation-readiness/Cells-Adoption-Falsifier-Plan.md	2a017add2efef01a334b823891a45b4393276c9b09e31fbd3c00501400bf28a9	4530	md	semantic_text_candidate	agent-04
04-prd03	docs_PRD03/implementation-readiness/GDS-Procedure-Support-Registry.tsv	ea2c5e15de817adf477cc45bcffc136116481b750b12652c73fb398399a97c06	365379	tsv	generated_structured_candidate	agent-04
04-prd03	docs_PRD03/implementation-readiness/Memory-Estimate-Formula-Book.tsv	26e03de4707223ee5d54580d57665a98c67c116dfa40fd792d6a38b0be591e6d	6189	tsv	generated_structured_candidate	agent-04
04-prd03	docs_PRD03/implementation-readiness/Neo4j-Compatibility-Canary-Matrix.md	b728f374df04ce32b3825f0ca23b8c1d501496819bb1eed85ef8932565029ae0	6177	md	semantic_text_candidate	agent-04
04-prd03	docs_PRD03/implementation-readiness/OLTP-Record-Store-Rust-Contract.md	ecd163e16bc44156e81b3cb5cd0ff173dc3abf90ad460bae69a4eff61160f964	6237	md	semantic_text_candidate	agent-04
04-prd03	docs_PRD03/implementation-readiness/Projection-Build-Store-Physical-Contract.md	7080dd711d49eb7c92cb8c530d5a2000d694e9ca980508215a457f34bd06d2af	5261	md	semantic_text_candidate	agent-04
04-prd03	docs_PRD03/implementation-readiness/README.md	31349fb614fa4c01f42ee9d882c8c0f44ab7ddaf7e9796bcb66e196273786f9b	7370	md	semantic_text_candidate	agent-04
04-prd03	docs_PRD03/implementation-readiness/Snapshot-Publication-State-Machine.md	c3e1061348545e2104584322194879112f11359459ba1c68c1f278bc663a95e7	4465	md	semantic_text_candidate	agent-04
04-prd03	docs_PRD03/implementation-readiness/Support-Status-Runtime-Semantics.md	c0d883941c76af75668e27284433f3450852ab2cb40f68124f3f1944aca6d734	4965	md	semantic_text_candidate	agent-04
04-prd03	docs_PRD03/implementation-readiness/V003-Implementation-Readiness-Tracker.tsv	4c06c442a3058f4484f07c14b925bcd9d8e09fa2c58470abba803138960a6c5d	4528	tsv	generated_structured_candidate	agent-04
04-prd03	docs_PRD03/reference-learning/Architecture-Fit-Matrix.tsv	50f12559d47af2191ff1fd175fbb68ea19432cdbdb228e1176bec17590b71f5d	22288	tsv	generated_structured_candidate	agent-04
04-prd03	docs_PRD03/reference-learning/Architecture-Option-Scorecard.tsv	8c27f3b4f8376c8e4af73505a233e90a9cbae07acd254eb8204780dc3bf785af	9937	tsv	generated_structured_candidate	agent-04
04-prd03	docs_PRD03/reference-learning/Batch-01-Current-Seed-And-GDS-Baseline.md	ab60277dbf1ffd5fa53ef08e67a2de385451991967093c8494f9e01728a26c9b	37359	md	semantic_text_candidate	agent-04
04-prd03	docs_PRD03/reference-learning/Batch-02-GDS-Public-Surface-Inventory.md	cb03917aa4f62263258d7eaeb20afb771dfa1280c6ca6637aeb224e860c19b96	15773	md	semantic_text_candidate	agent-04
04-prd03	docs_PRD03/reference-learning/Batch-03-Projection-Build-Store-Precedents.md	a10eeb65bb3f5d433b48f0f78a2790915e406f0e82a385c49648d65043c1d474	16939	md	semantic_text_candidate	agent-04
04-prd03	docs_PRD03/reference-learning/Batch-04-Publication-And-Generation-Catalog.md	d5b3dbb7cf65c96a3fe261313619426ef24a5009863e3960043cb32adde72d20	14895	md	semantic_text_candidate	agent-04
04-prd03	docs_PRD03/reference-learning/Batch-05-Neo4j-Compatibility-Boundary.md	869b0866885c4dbe3b3cc4ffe6d887414c61103c0155e5fa4632c2fa67ecc244	35417	md	semantic_text_candidate	agent-04
04-prd03	docs_PRD03/reference-learning/Batch-06-Sidecars-Planner-And-Compact-Competitors.md	791a0f8fb6acde6961199c38bd4afb8c5c6001dbae4490ae3eee0697ea0f6b3a	36068	md	semantic_text_candidate	agent-04
04-prd03	docs_PRD03/reference-learning/Batch-07-Low-RAM-Graph-Priors.md	7ae354bbd2549ff26e21d8bab6df043d38699de5dc87c73c7c1ee480977cdea7	29717	md	semantic_text_candidate	agent-04
04-prd03	docs_PRD03/reference-learning/Batch-08-Hard-GDS-Families-And-Model-Artifacts.md	98f67bbf84991705bd9d235433174592d460f26c902d8e889840b293546c97e3	32485	md	semantic_text_candidate	agent-04
04-prd03	docs_PRD03/reference-learning/Batch-09-Benchmarks-And-Observability.md	bfb8cf322277d8f049d98ec3922e9b1a428df4b6e8b2d9ee40a3b08c95604a6b	31749	md	semantic_text_candidate	agent-04
04-prd03	docs_PRD03/reference-learning/Batch-10-GDS-Projection-Internals-And-Support-Tiers.md	ae9d0b81aad75919e3f369f5da951df4cca4238ec060aa488187275d95018799	37374	md	semantic_text_candidate	agent-04
04-prd03	docs_PRD03/reference-learning/Batch-11-Algorithm-Oracle-And-Parity-Scaffolding.md	84dd31e45f03aa2e32246713a436be31924d1160d903d583b26ca23f7214151f	34771	md	semantic_text_candidate	agent-04
04-prd03	docs_PRD03/reference-learning/Current-Codebase-Low-RAM-Patterns.md	21b30c6534f71dfdafd12a958a78e01228a7c7bbe9d03a7c685cbb4c6218414f	13590	md	semantic_text_candidate	agent-04
04-prd03	docs_PRD03/reference-learning/GDS-Artifact-Lifecycle-State-Machine-v2.tsv	fa38776d4b043dd83b208251d3d9363ea59f641ec52de58db8b63d97862ace98	3558	tsv	generated_structured_candidate	agent-04
04-prd03	docs_PRD03/reference-learning/GDS-Behavior-Mode-Semantics-v2.tsv	1ca3f75ce3b75caceb2ffc77c6785a2636fe4a895ced774afe8ec3f5f7696054	3006	tsv	generated_structured_candidate	agent-04
04-prd03	docs_PRD03/reference-learning/GDS-Family-Oracle-Parity-Matrix.tsv	7881e11c286761bd75e5671cbe59e96d5420178c986686e6e3ed8d7da95e914b	5567	tsv	generated_structured_candidate	agent-04
04-prd03	docs_PRD03/reference-learning/GDS-Family-Support-Tier-Matrix.tsv	d23ac0b8da614f026a9799bd96785f4cc44cb935e73cae63b2070c70a7a8dfc8	3370	tsv	generated_structured_candidate	agent-04
04-prd03	docs_PRD03/reference-learning/GDS-Memory-Formula-Book-v2.tsv	f41992906e1f90c3a276039b0d25ff1793e949916216abd2340bed64b25fe21f	6022	tsv	generated_structured_candidate	agent-04
04-prd03	docs_PRD03/reference-learning/GDS-Oracle-Extraction-Appendix-v2.tsv	1965754e72bf25d53e8a8bb11387652bf092d77494b073cf6e153c49bd8ea079	4743	tsv	generated_structured_candidate	agent-04
04-prd03	docs_PRD03/reference-learning/GDS-PRD-L1-Evidence-Dossier-v2.md	c649750ed4a4346c9937a80f951bfb1efd9a0655cd3cf9d49bcf450163155656	14817	md	semantic_text_candidate	agent-04
04-prd03	docs_PRD03/reference-learning/GDS-PRD-L1-Evidence-Dossier.md	e62f4ac687b91d92eff943ab1a738de8e67a6dfc615e344a64ac74e4fc9a02fa	40976	md	semantic_text_candidate	agent-04
04-prd03	docs_PRD03/reference-learning/GDS-PRD-Rewrite-Patch-Plan-v2.tsv	f968c3cffc4ffccb8f6a3cb361072d5e99d966963870c71f6d6c8d6ef1169226	5176	tsv	generated_structured_candidate	agent-04
04-prd03	docs_PRD03/reference-learning/GDS-Parity-Taxonomy.tsv	17e4b34cbb8affded524a57bc6e6167eaeae634615fe7de00ba16137ef3cec0b	1234	tsv	generated_structured_candidate	agent-04
04-prd03	docs_PRD03/reference-learning/GDS-Procedure-Surface-Join-v2.tsv	b0aa1e1653c955d32a33261a0c3ade69544166b8276752cb16aec02cd70b1c7e	155301	tsv	generated_structured_candidate	agent-04
04-prd03	docs_PRD03/reference-learning/GDS-Procedure-To-Kernel-Ledger.tsv	053f5342f26f7bf2dd99cf78c2c4a849a07a8b930ce8d23edf1568e7a8830641	12456	tsv	generated_structured_candidate	agent-04
04-prd03	docs_PRD03/reference-learning/GDS-Projection-Variant-Matrix-v2.tsv	dd4731c25d9e760caa1ba2b7f7c68d2b2a8e864f69a95bf9555d8c26c20e340f	4776	tsv	generated_structured_candidate	agent-04
04-prd03	docs_PRD03/reference-learning/GDS-Public-Surface-Inventory.tsv	6d0b74f2e4793035a5c63f8dd5c1d2241ee8db2b517ffb419ddd9938e2e253a1	204766	tsv	generated_structured_candidate	agent-04
04-prd03	docs_PRD03/reference-learning/GDS-V2-Coverage-Audit.tsv	774a178406d1a5ee80968dc79e3e3c8dddc5e98863216ad442e461f736c1a693	5068	tsv	generated_structured_candidate	agent-04
04-prd03	docs_PRD03/reference-learning/GDS-V2-Progress-Journal.md	dbd408fde5436d4be8a282d1f27c953582c380350e1b63d85a7fcb51fe3073a4	1925	md	semantic_text_candidate	agent-04
04-prd03	docs_PRD03/reference-learning/PRD-Outcome-Traceability-Dossier.tsv	68f6e2f5665a777a8142eda7d79a78a12897c41d783dc8af583cab9073d334e4	8437	tsv	generated_structured_candidate	agent-04
04-prd03	docs_PRD03/reference-learning/README.md	072ce26047d9afcb74555751921854b866e8a2a5a0e67cf1b62a539a5d7a5a1b	13420	md	semantic_text_candidate	agent-04
04-prd03	docs_PRD03/reference-learning/Reference-Shelf-Graph-Evidence-Ledger.md	744d094250bc98d3671d7703a12f7165e7071575367358dfe9fa6288e26e731b	12233	md	semantic_text_candidate	agent-04
04-prd03	docs_PRD03/reference-learning/Reference-Shelf-Graph-Tool-Truthcheck.tsv	f561bb0a775593f8a93dd4a27c3438566683335aa849c50965f1dbe7b30efe33	26397	tsv	generated_structured_candidate	agent-04
04-prd03	docs_PRD03/reference-learning/Reference-Shelf-Requirement-Subpath-Coverage.tsv	54ee89f95f0802efec1f93516b1e40ce385d7cd6c0b8e6c095d0ec27588a4a8d	7432	tsv	generated_structured_candidate	agent-04
04-prd03	docs_PRD03/reference-learning/Reference-Shelf-Subpath-Coverage-Audit.md	d32586b4d926b95c9416606a7ddfa2f6ec4307cd4e86b4ceb025069698a3a514	16139	md	semantic_text_candidate	agent-04
04-prd03	docs_PRD03/reference-learning/Requirements-Coverage-Tracker.md	f25740beb6d652e012773d3fc8fa0add4564760f529a8b0f9f7607e1b07c92b3	26107	md	semantic_text_candidate	agent-04
04-prd03	docs_PRD03/reference-learning/Requirements-Coverage-Tracker.tsv	70c98e05599a77c908069e6b26ff818bb95f19d49db2d739055312b48b7abd11	17429	tsv	generated_structured_candidate	agent-04
04-prd03	docs_PRD03/reference-learning/Rust-Fixture-And-Oracle-Scaffolding.tsv	f9ea3e6473e61df8028ab0dafebeb60eaaf676b3e7be40e1f6a9928b0c690eec	1689	tsv	generated_structured_candidate	agent-04
04-prd03	docs_PRD03/reference-learning/build_neo4j_family_graph_db.py	6080a38e0b39c75bf576608458fcffb611c099a30d7a7498dc4b385a251423f4	27667	py	source_script_candidate	agent-04
04-prd03	docs_PRD03/reference-learning/gds-v2-dossiers/001-catalog_lifecycle-GraphStore.md	53db4749b24e6192cbcdbb190bc97cec0fd8dcf4c622555b8e0aca15952b3005	7246	md	semantic_text_candidate	agent-04
04-prd03	docs_PRD03/reference-learning/gds-v2-dossiers/002-memory_estimator-MemoryEstimateResult.md	8efdeea85afd51a20fcfc05c84f266714a028144a3f05980cb9763fc54182b7d	5452	md	semantic_text_candidate	agent-04
04-prd03	docs_PRD03/reference-learning/gds-v2-dossiers/003-memory_estimator-MemoryEstimation.md	90d2d5250f6c59d2b13097afd6fb54551c530c3afa84fb212c3099e670f7a3d8	6647	md	semantic_text_candidate	agent-04
04-prd03	docs_PRD03/reference-learning/gds-v2-dossiers/004-projection_build-RelationshipType.md	c48242a16d9d3f0bf19f97223850df008da8a4c54e6abf0428f76bd315bce907	4961	md	semantic_text_candidate	agent-04
04-prd03	docs_PRD03/reference-learning/gds-v2-dossiers/005-projection_build-Orientation.md	8761492abbfe337f8bf433839ec40a021851753579798f09c6640b7bda034142	5435	md	semantic_text_candidate	agent-04
04-prd03	docs_PRD03/reference-learning/gds-v2-dossiers/006-projection_build-NodeLabel.md	628d07e3d0579352b07f0d3bd54fef0ba4b5b662bb77d6597b64ea48bdeebc1e	4371	md	semantic_text_candidate	agent-04
04-prd03	docs_PRD03/reference-learning/gds-v2-dossiers/007-procedure_surface-GraphDataScienceProcedures.md	b80579e286a3b5a1eb32825f5caa82e3ad3fea439f29e331f43da0c15389d28a	5043	md	semantic_text_candidate	agent-04
04-prd03	docs_PRD03/reference-learning/gds-v2-dossiers/008-projection_build-GraphProjectProc.md	2d7cda0fcf0c736fcda1e9e6461a413418bf8f26c3310f91723e3c43bd258041	6315	md	semantic_text_candidate	agent-04
04-prd03	docs_PRD03/reference-learning/gds-v2-dossiers/009-olap_algorithm-AlgorithmProcessingTimings.md	7ba0315994fd10ead184709d64cc0dc7c14285081e0d2a0ddb26cf9ea229a6ed	4813	md	semantic_text_candidate	agent-04
04-prd03	docs_PRD03/reference-learning/gds-v2-dossiers/010-projection_build-ValueType.md	1687f4533e7b2166ed2775eec63fe90039f5e9bfb1952b5a59e9e437e972eb05	6754	md	semantic_text_candidate	agent-04
04-prd03	docs_PRD03/reference-learning/gds-v2-dossiers/011-procedure_surface-LocalCommunityProcedureFacade.md	18b44d38fd17dc64071caba576ca72a212ace79373f915974d7e91f604f5272a	7997	md	semantic_text_candidate	agent-04
04-prd03	docs_PRD03/reference-learning/gds-v2-dossiers/012-catalog_lifecycle-GraphStoreCatalog.md	34e1d6bc136a015fbf8a4c2a17c7096d3c932f4502888cb5a5ca9339fdc8fa4e	6493	md	semantic_text_candidate	agent-04
04-prd03	docs_PRD03/reference-learning/gds-v2-dossiers/013-procedure_surface-ProcedureConstants.md	8ab14552f1e36dbe74b448101b0d155270d0b2bf5a0528cf0d82541b20d9c254	2750	md	semantic_text_candidate	agent-04
04-prd03	docs_PRD03/reference-learning/gds-v2-dossiers/014-memory_estimator-MemoryEstimations.md	4137b12bb25243198ec9b5009ceae09a48df26a54c867d2760e5e1354dfd44f0	5808	md	semantic_text_candidate	agent-04
04-prd03	docs_PRD03/reference-learning/gds-v2-dossiers/015-olap_algorithm-AlgoBaseConfig.md	f0d29cef71f22c3e80f3498fe3ce5452bff52d860c7f0cba4896cb490565e2eb	5220	md	semantic_text_candidate	agent-04
04-prd03	docs_PRD03/reference-learning/gds-v2-dossiers/016-memory_estimator-MemoryRange.md	845564ca10bea8aef0d5dd7b8afdcd7817c0308f2869c723bc77f301d688fcac	4009	md	semantic_text_candidate	agent-04
04-prd03	docs_PRD03/reference-learning/gds-v2-dossiers/017-olap_algorithm-NodePropertiesWritten.md	8652f3badb9abed6cc7645a7cb32c39d1748e4a638ce6f54acc365e16fb8d431	2955	md	semantic_text_candidate	agent-04
04-prd03	docs_PRD03/reference-learning/gds-v2-dossiers/018-memory_estimator-Estimate.md	4f8da8bbd5cafce2b43d16742ee7f24029addbb2876a75dec61448599e0b6723	4624	md	semantic_text_candidate	agent-04
04-prd03	docs_PRD03/reference-learning/gds-v2-dossiers/019-procedure_surface-LocalCentralityProcedureFacade.md	0df8f1bd93b34994bf2b36279f825fe5cf9a1c1f65c648845f74a7c55ef9745c	8448	md	semantic_text_candidate	agent-04
04-prd03	docs_PRD03/reference-learning/gds-v2-dossiers/020-projection_build-Aggregation.md	bd766f3690f1e20c9bd04397ca490fa8dc1abf0f08816a72eb549497265592d1	5535	md	semantic_text_candidate	agent-04
04-prd03	docs_PRD03/reference-learning/gds-v2-dossiers/021-olap_algorithm-ResultBuilder.md	38e2dae8fa97c8fddf5be48058a281df33699942cd444973eb35c8d034e89d76	4090	md	semantic_text_candidate	agent-04
04-prd03	docs_PRD03/reference-learning/gds-v2-dossiers/022-projection_build-DefaultValue.md	25e1c01d4e934ba29d6499c8bcf35e9a2018fa255034ed700d054efb0f349750	5812	md	semantic_text_candidate	agent-04
04-prd03	docs_PRD03/reference-learning/gds-v2-dossiers/023-procedure_surface-LocalPathFindingProcedureFacade.md	01f388cff02a0e6dfd65b8b3bf91e9afa62e4ca07a482f338230b82da3489809	7516	md	semantic_text_candidate	agent-04
04-prd03	docs_PRD03/reference-learning/gds-v2-dossiers/024-olap_algorithm-Algorithm.md	b27a9343e4320233d3861093815e78dac838cd60ff01f95c4be65d884beffc38	4208	md	semantic_text_candidate	agent-04
04-prd03	docs_PRD03/reference-learning/gds-v2-dossiers/025-procedure_surface-MutateStub.md	31edb8ad0076f75f4b3f7506340a8b387e9eb8e6487c0e979a32e3daa7c6b7cd	4946	md	semantic_text_candidate	agent-04
04-prd03	docs_PRD03/reference-learning/gds-v2-dossiers/026-procedure_surface-PipelineApplications.md	14ac50a14ea1cb066d83e044376ada1c94c52b2e086faeda62084d2367f30ae0	9151	md	semantic_text_candidate	agent-04
04-prd03	docs_PRD03/reference-learning/gds-v2-dossiers/027-procedure_surface-AlgorithmsProcedureFacade.md	e325a9c21813ee8f546f90b7d9cd026ca72cbafdf188d27a8872f190f00540f3	4473	md	semantic_text_candidate	agent-04
04-prd03	docs_PRD03/reference-learning/gds-v2-dossiers/028-catalog_lifecycle-ModelCatalog.md	abeee0a163b6a191b4f1003b8b16965c074eb075a09b8e598c2e22c7f8b7e723	5879	md	semantic_text_candidate	agent-04
04-prd03	docs_PRD03/reference-learning/gds-v2-dossiers/029-procedure_surface-ProcedureReturnColumns.md	86301a0a0cf13c233ddb8b22e3b9c080e8baf3dd9656bba73b514d87de4d00ff	3638	md	semantic_text_candidate	agent-04
04-prd03	docs_PRD03/reference-learning/gds-v2-dossiers/030-catalog_lifecycle-DefaultGraphCatalogApplications.md	84ba25b704040333254f445dd7a4cdf7e7e1347cfc891b50770ee7d4377aedae	8029	md	semantic_text_candidate	agent-04
04-prd03	docs_PRD03/reference-learning/gds-v2-dossiers/031-olap_algorithm-AlgorithmLabel.md	ba0555784ad5828eb85f03752aca159401e5a86b0de46811674b2604242a1b5d	4321	md	semantic_text_candidate	agent-04
04-prd03	docs_PRD03/reference-learning/gds-v2-dossiers/032-olap_algorithm-CommunityAlgorithms.md	3d3edb3a9056a90cf31e859ff8e5219bd83ab9fab09a9369429b3b4317dfb455	9174	md	semantic_text_candidate	agent-04
04-prd03	docs_PRD03/reference-learning/gds-v2-dossiers/033-catalog_lifecycle-Model.md	95e56f32945670bad74492ef6c2c63cfcebd0731bfdc493b5a6b3035a10ebcce	5765	md	semantic_text_candidate	agent-04
04-prd03	docs_PRD03/reference-learning/gds-v2-dossiers/034-olap_algorithm-RequestScopedDependencies.md	aec877b6ce6f2600907ae4a89525ac3e6654764c1454a44ef5331759343b3c66	4413	md	semantic_text_candidate	agent-04
04-prd03	docs_PRD03/reference-learning/gds-v2-dossiers/035-memory_estimator-MemoryEstimateDefinition.md	f14ead9b2b07706de815074c63b06bf15b219b79cc05f485fa74c4f23a63b927	3526	md	semantic_text_candidate	agent-04
04-prd03	docs_PRD03/reference-learning/gds-v2-dossiers/036-olap_algorithm-AlgorithmSpec.md	e2862ff2c5b771df95df0c1f3ebbadb0a0001fe22104f3e742a602873f4d0d7f	4826	md	semantic_text_candidate	agent-04
04-prd03	docs_PRD03/reference-learning/gds-v2-dossiers/037-procedure_surface-AsNodeFunc.md	a9d09de224b09acc16845b015c9498509ed16916e5a1c09abaceb3d67b17233f	3716	md	semantic_text_candidate	agent-04
04-prd03	docs_PRD03/reference-learning/gds-v2-dossiers/038-procedure_surface-NewConfigFunction.md	a698f7cd9b7b5b14d88c6900d549a47e32d8d33995f7442e43d4f1db4f70fbc9	3279	md	semantic_text_candidate	agent-04
04-prd03	docs_PRD03/reference-learning/gds-v2-dossiers/039-procedure_surface-GenericStub.md	91b8b1f1192974bb728900d29e857e0bbac3f9deae0335de8d7929df593d384e	5166	md	semantic_text_candidate	agent-04
04-prd03	docs_PRD03/reference-learning/gds-v2-dossiers/040-olap_algorithm-PathFindingAlgorithms.md	3f81adc432e114205f0c1cf7fa834becc9bca0d9b0a5c336c740f29169de64d0	7240	md	semantic_text_candidate	agent-04
04-prd03	docs_PRD03/reference-learning/gds-v2-dossiers/041-projection_build-PropertyMapping.md	60b9f38992d74c4f903e7393ad7dc879f271090f48e818c725287956fae00ca3	5125	md	semantic_text_candidate	agent-04
04-prd03	docs_PRD03/reference-learning/gds-v2-dossiers/042-projection_build-GraphProjectConfig.md	20325599734423d5d2cc8398017910fec2e1bcd0aea98235542e9689b98e5f6d	4853	md	semantic_text_candidate	agent-04
04-prd03	docs_PRD03/reference-learning/gds-v2-dossiers/043-projection_build-RelationshipProjection.md	4581af3e48f92ed5c93110fa4a5a9fa8f557ca08f53b5f2743cd2762c5c53fcb	5178	md	semantic_text_candidate	agent-04
04-prd03	docs_PRD03/reference-learning/gds-v2-dossiers/044-olap_algorithm-StreamResultBuilder.md	e2180c6365571d3868f3373c238059c60d16acfef295b93c05d720f07aecb71d	3448	md	semantic_text_candidate	agent-04
04-prd03	docs_PRD03/reference-learning/gds-v2-dossiers/045-olap_algorithm-CommunityAlgorithmsMutateModeBusinessFacade.md	075999a2125943701e5f1e3e6213cb6242334a8a05a33c0cbee5b749f517024a	5458	md	semantic_text_candidate	agent-04
04-prd03	docs_PRD03/reference-learning/gds-v2-dossiers/046-olap_algorithm-CentralityAlgorithms.md	cab23555f5479cc04a48423e23e20b98660a464a60769fe85899a9f9fe987bc3	5574	md	semantic_text_candidate	agent-04
04-prd03	docs_PRD03/reference-learning/gds-v2-dossiers/047-olap_algorithm-RelationshipsWritten.md	739b107c40cb7592585964ff62aecd99886d609d5bb49dcfe3c2d0f7b036fe57	2925	md	semantic_text_candidate	agent-04
04-prd03	docs_PRD03/reference-learning/gds-v2-dossiers/048-procedure_surface-GdsCallable.md	f9f0592cf4c43b310bd154a065fc3b3e2495e1a9a4789db03ea5f5b7197efcbe	3530	md	semantic_text_candidate	agent-04
04-prd03	docs_PRD03/reference-learning/gds-v2-dossiers/049-procedure_surface-CommunityProcedureFacade.md	c9ff6e07e0a56e387b0315ddc91f20e5b1a47c7561fa8f69ef4fd6fcc2a8d61a	4829	md	semantic_text_candidate	agent-04
04-prd03	docs_PRD03/reference-learning/gds-v2-dossiers/053-olap_algorithm-ProgressTrackerCreator.md	6e53006063da6ebff2e9a1ec4f366205ebb4db036df1a2abb8e14b0b7e5b247f	5006	md	semantic_text_candidate	agent-04
04-prd03	docs_PRD03/reference-learning/gds-v2-dossiers/054-memory_estimator-CommunityAlgorithmsEstimationModeBusinessFacade.md	1befae98b86091ed6cf7549915546d686b97257f8d98b0c1f034be336a5f7b03	6519	md	semantic_text_candidate	agent-04
04-prd03	docs_PRD03/reference-learning/gds-v2-dossiers/055-write_import_export-CommunityAlgorithmsWriteModeBusinessFacade.md	99a8c5826df0b46669e32d1d379f613c7fcbf58d1b32ab527b4542c295da1feb	6791	md	semantic_text_candidate	agent-04
04-prd03	docs_PRD03/reference-learning/gds-v2-dossiers/056-olap_algorithm-MutateStep.md	b64482e8e1b40b7b7cb4b2baf54d9ed8b3fb389aeb2eeeb0a704836cc954ecf5	4681	md	semantic_text_candidate	agent-04
04-prd03	docs_PRD03/reference-learning/gds-v2-dossiers/057-projection_build-PropertyMappings.md	be8a8b2b6ae16dea7ce31962a95024174308efd2a799a22ec5c997217912764c	5591	md	semantic_text_candidate	agent-04
04-prd03	docs_PRD03/reference-learning/gds-v2-dossiers/058-olap_algorithm-AlgorithmProcessingTemplateConvenience.md	6f80314ae0d5349bc1ca16a72270fe3dc95bd1332865343dcd39f43a2d454ed8	5394	md	semantic_text_candidate	agent-04
04-prd03	docs_PRD03/reference-learning/gds-v2-dossiers/059-catalog_lifecycle-GraphStoreCatalogService.md	e1a4ab00e77f3b4387198505abb4b9b16360c526f98a9c323ef1574b248d047b	6207	md	semantic_text_candidate	agent-04
04-prd03	docs_PRD03/reference-learning/gds-v2-dossiers/060-catalog_lifecycle-CSRGraphStore.md	ffa5067e1923462c594f2337ccc9158afb56e76cc411c00d833ce8b54b2d0dff	6621	md	semantic_text_candidate	agent-04
04-prd03	docs_PRD03/reference-learning/gds-v2-dossiers/061-projection_build-ElementProjection.md	88251b0fc750a1eeacc8f96e32ff2495c21a70676d0335520e2b856fa3eec046	4718	md	semantic_text_candidate	agent-04
04-prd03	docs_PRD03/reference-learning/gds-v2-dossiers/062-procedure_surface-LocalSimilarityProcedureFacade.md	1019ebf000042767e2bb05b2c0a45cde11a34f35deb52e421282fba1c9b18783	5661	md	semantic_text_candidate	agent-04
04-prd03	docs_PRD03/reference-learning/gds-v2-dossiers/064-write_import_export-WritePropertyConfig.md	4730c4ebffc3e384f475e30404b5ad990f161b7ac59bcf9680810193fae04649	3931	md	semantic_text_candidate	agent-04
04-prd03	docs_PRD03/reference-learning/gds-v2-dossiers/065-olap_algorithm-MutateNodeProperty.md	9a99af52fec0aff97bb96cec847f6abb29f403291208549fd6997ac62354b5f0	5080	md	semantic_text_candidate	agent-04
04-prd03	docs_PRD03/reference-learning/gds-v2-dossiers/066-olap_algorithm-GraphSageModelTrainer.md	76805c4c470229dd8b14812586cd5296f9c7748bff1c79d0389ad0e0fb33a523	5593	md	semantic_text_candidate	agent-04
04-prd03	docs_PRD03/reference-learning/gds-v2-dossiers/067-procedure_surface-LocalNodeEmbeddingsProcedureFacade.md	63ecf3a77a596137eab99ff44bfaf57e250317c88a53bcbb784bb371660457cc	5189	md	semantic_text_candidate	agent-04
04-prd03	docs_PRD03/reference-learning/gds-v2-dossiers/068-memory_estimator-PathFindingAlgorithmsEstimationModeBusinessFacade.md	247b3018872e3a92bc680702d457776c3209ef224754cce22ba452321dc7c33d	5482	md	semantic_text_candidate	agent-04
04-prd03	docs_PRD03/reference-learning/gds-v2-dossiers/069-olap_algorithm-CentralityAlgorithmsMutateModeBusinessFacade.md	46f75214bf462856cdd9084b648c4b760b563fa76fc6289836a65165f9b7f532	5178	md	semantic_text_candidate	agent-04
04-prd03	docs_PRD03/reference-learning/gds-v2-dossiers/070-write_import_export-WriteStep.md	44785a294b320bb8793ff72e7dc58d6aff60df6312c0053aad80a02298dd4134	2637	md	semantic_text_candidate	agent-04
04-prd03	docs_PRD03/reference-learning/gds-v2-dossiers/071-procedure_surface-NullComputationResultConsumer.md	b7beb678c30cdcbe099460783468462772190bc7bb131fcf7d456b7cf7446476	2243	md	semantic_text_candidate	agent-04
04-prd03	docs_PRD03/reference-learning/gds-v2-dossiers/072-olap_algorithm-NodeEmbeddingAlgorithms.md	cb74e3c38baa68a1efcc06ff25bb30d33f6040da88ad76e2fe4f7ec838fc104d	3092	md	semantic_text_candidate	agent-04
04-prd03	docs_PRD03/reference-learning/gds-v2-dossiers/073-procedure_surface-LocalGraphDataScienceProcedures.md	4d8a97f55cb43499fbc94ac2d9ef5d168d5ab88fad9645d5117ca35b243bdd26	2607	md	semantic_text_candidate	agent-04
04-prd03	docs_PRD03/reference-learning/gds-v2-dossiers/075-olap_algorithm-StatsResultBuilder.md	57f18c4b2d4d1618cb1ea328f3579fa5efe53a1e2816b7e447c665828f6db526	1986	md	semantic_text_candidate	agent-04
04-prd03	docs_PRD03/reference-learning/gds-v2-dossiers/076-olap_algorithm-PathFindingAlgorithmsMutateModeBusinessFacade.md	eb0ebc3c6282b44810dfae02e28140ecc375ed3e033697ec73bfc86dc3e96d5c	4831	md	semantic_text_candidate	agent-04
04-prd03	docs_PRD03/reference-learning/gds-v2-dossiers/077-catalog_lifecycle-PipelineCatalog.md	ded7e0e1f907efeefb1420acd7af25d495396947c71efb3e297e8fe00a8f1088	3361	md	semantic_text_candidate	agent-04
04-prd03	docs_PRD03/reference-learning/gds-v2-dossiers/078-procedure_surface-PregelProcedureConfig.md	e009123797535cac7da3656abece16c6bad5373dde988211c81ea4bbb277987d	3286	md	semantic_text_candidate	agent-04
04-prd03	docs_PRD03/reference-learning/gds-v2-dossiers/079-write_import_export-WriteToDatabase.md	cacc1a77f5de0386bbcddc54093303a46089c6390a8c7438e571a5b65f69ec67	3504	md	semantic_text_candidate	agent-04
04-prd03	docs_PRD03/reference-learning/gds-v2-dossiers/080-olap_algorithm-CommunityCompanion.md	edb0d236d88c7d03a00dc11820b6019ab3b738c69a5f208a3358e474de8b9827	3872	md	semantic_text_candidate	agent-04
04-prd03	docs_PRD03/reference-learning/gds-v2-dossiers/081-memory_estimator-BitUtil.md	220c56e91581043d1c5ec57e410642f35e568e097fafcca4a28e305e5fe7d549	2522	md	semantic_text_candidate	agent-04
04-prd03	docs_PRD03/reference-learning/gds-v2-dossiers/083-procedure_surface-GraphSageTrainConfig.md	052974cd072f77028be9c90f3881f6bb18cd1616ad0e5e498edfdc14a669592a	3664	md	semantic_text_candidate	agent-04
04-prd03	docs_PRD03/reference-learning/gds-v2-dossiers/086-projection_build-GraphProjectFromStoreConfig.md	faf6ede8d1a0aec35cd8c60ddeb9c8e6e6c17a089f4e0af0bc4882b0ae2764ce	3528	md	semantic_text_candidate	agent-04
04-prd03	docs_PRD03/reference-learning/gds-v2-dossiers/087-catalog_lifecycle-GraphCatalogApplications.md	66c6c110f08dd3ca6236e60513d0c55d85d6580d86e3e0c56336d18560d0712e	3763	md	semantic_text_candidate	agent-04
04-prd03	docs_PRD03/reference-learning/gds-v2-dossiers/088-olap_algorithm-CommunityAlgorithmsStreamModeBusinessFacade.md	af8e80aa2a6cd88fc983e01f40f6260940a9de68acb608cbf57c324f90aea046	3522	md	semantic_text_candidate	agent-04
04-prd03	docs_PRD03/reference-learning/gds-v2-dossiers/089-olap_algorithm-GraphSageHelper.md	500d397a785aca1ba1eedd6269de7152542c960a037ba435a3c054848a31a50f	4034	md	semantic_text_candidate	agent-04
04-prd03	docs_PRD03/reference-learning/gds-v2-dossiers/ROLLUP.md	13da1e5d228deb7b246b7bb7c1aac97397a94c89183ba5df73ba7d0ccc87485f	17664	md	semantic_text_candidate	agent-04
04-prd03	docs_PRD03/reference-learning/gds-v2-dossiers/V001-verification-oracle-WccMutateProcTest.md	34f2cc3503297be561f85b0d77489f6a51866655ba250a51d19cc231036ee0c7	5018	md	semantic_text_candidate	agent-04
04-prd03	docs_PRD03/reference-learning/gds-v2-dossiers/V002-verification-oracle-ModularityOptimizationMutateProcTest.md	ca5878002ec52b0ad723df08e177407eaf82908862caaae68ee13daa2e0b2930	4371	md	semantic_text_candidate	agent-04
04-prd03	docs_PRD03/reference-learning/gds-v2-dossiers/V003-verification-oracle-LabelPropagationMutateProcTest.md	42648f5a90f9ea2f9a112d6ec909a7a87f73eb1401bda5573fbabfa7008ee703	3957	md	semantic_text_candidate	agent-04
04-prd03	docs_PRD03/reference-learning/gds-v2-dossiers/V004-verification-oracle-NodeClassificationPredictPipelineExecutorTest.md	0364a65b5d880c2a0308ecd8aaac956ea8d0c0de881f35e9cf99c48293aeb69f	4008	md	semantic_text_candidate	agent-04
04-prd03	docs_PRD03/reference-learning/gds-v2-dossiers/V005-verification-oracle-LinkPredictionTrainPipelineExecutorTest.md	d691419398f17b9e7924c3a37ff133915dda08afa5adfffae73cd8b5e04affbc	3992	md	semantic_text_candidate	agent-04
04-prd03	docs_PRD03/reference-learning/gds-v2-dossiers/V006-verification-oracle-PregelProcTest.md	2e2fe2a005d9fcdff059efd9228b254ac0f262676be1eef3b0c49c6c07420f55	3537	md	semantic_text_candidate	agent-04
04-prd03	docs_PRD03/reference-learning/gds-v2-dossiers/V007-verification-oracle-LinkPredictionPredictPipelineExecutorTest.md	5e7aa915e750c0367ee1a9b5623bc13080968780a9fc1c8115793e56d65df2f7	3762	md	semantic_text_candidate	agent-04
04-prd03	docs_PRD03/reference-learning/gds-v2-dossiers/V008-verification-oracle-WriteNodePropertiesComputationResultConsumerTest.md	6d45e7e14dfca1b4e786a1646058b809e164070310449dd7b6cd288d29f8d8de	3350	md	semantic_text_candidate	agent-04
04-prd03	docs_PRD03/reference-learning/gds-v2-dossiers/V009-verification-oracle-PregelTest.md	fa336b2682f791af906ed6daf545b1782c1d1c4e89fcd3276e20de590cc0e748	3864	md	semantic_text_candidate	agent-04
04-prd03	docs_PRD03/reference-learning/gds-v2-dossiers/V010-verification-oracle-GraphSageTest.md	04f454f428859398e7d040170a91080eb4a5c2f8d37b89ebaf84b45a955fac40	3613	md	semantic_text_candidate	agent-04
04-prd03	docs_PRD03/reference-learning/gds-v2-dossiers/V011-verification-oracle-LinkPredictionTrainTest.md	71bf764bd00de928669efef17412d388ae3d3ddd41079a78ef71fc5fa495d81f	6782	md	semantic_text_candidate	agent-04
04-prd03	docs_PRD03/reference-learning/gds-v2-dossiers/V012-verification-oracle-FastRPTest.md	a6a45c2a95f23aaebe53eeff5df5b302466d4f9fd9434598660e22e0ec97e658	6679	md	semantic_text_candidate	agent-04
04-prd03	docs_PRD03/reference-learning/gds-v2-dossiers/V013-verification-oracle-GraphStoreToCsvExporterTest.md	4602a0114be13226bbf10352f54b03c5b7468a77ee202afb853c9eac43136d43	7309	md	semantic_text_candidate	agent-04
04-prd03	docs_PRD03/reference-learning/gds-v2-dossiers/V014-verification-oracle-LinkPredictionTrainingPipelineTest.md	1141d8a3e9fcef901404e2e04f802637444267a4c9baaae0d50cc3d805c5997b	7663	md	semantic_text_candidate	agent-04
04-prd03	docs_PRD03/reference-learning/gds-v2-dossiers/V015-verification-oracle-HashGNNTest.md	beb992e9aeff7f426807eb6c8c21d353475849f520b7c9d861e54d423d76e1f2	6470	md	semantic_text_candidate	agent-04
04-prd03	docs_PRD03/reference-learning/gds-v2-dossiers/V016-verification-oracle-ModularityOptimizationWithoutOrientationTest.md	72448c909ee714ff2f4d35adf37c7aa1efa83bd7dab40f1784b46641f39470a1	6394	md	semantic_text_candidate	agent-04
04-prd03	docs_PRD03/reference-learning/gds-v2-dossiers/V017-verification-oracle-GraphSageAlgorithmFactoryTest.md	a4056c6d325291fa4d29cf3ab3e68778639a5d09403e9b6f835e9b8dc72559ac	5932	md	semantic_text_candidate	agent-04
04-prd03	docs_PRD03/reference-learning/gds-v2-dossiers/V018-verification-oracle-PipelineExecutorTest.md	77a85d50194eb3a88702e5bea8c2065669f06289b089989a2034d2d438e35f72	6132	md	semantic_text_candidate	agent-04
04-prd03	docs_PRD03/reference-learning/gds-v2-dossiers/V019-verification-oracle-GraphCatalogProcedureFacadeTest.md	474568c0ad407ed56df0fd8f9d4c0509f1d47d31ff92c7894353979c5e634e85	5724	md	semantic_text_candidate	agent-04
04-prd03	docs_PRD03/reference-learning/gds-v2-dossiers/V020-verification-oracle-MemoryEstimationExecutorTest.md	4196342a1b63ddfcfa3bb7b3f0cb69d59e83d65db346f19da44639a48706b180	5855	md	semantic_text_candidate	agent-04
04-prd03	docs_PRD03/reference-learning/gds-v2-dossiers/V021-verification-oracle-DummyGraphStore.md	eb7d7958e1eddb5163ba46ed04e61813a97830cb0c54bf3b54c6c8b25c587ea0	5706	md	semantic_text_candidate	agent-04
04-prd03	docs_PRD03/reference-learning/gds-v2-dossiers/V022-verification-oracle-PredictPipelineExecutorTest.md	a2ffc0c30f27930a15242b83645ab30ff3219d7903f1ba7ded827803a1a4d472	6198	md	semantic_text_candidate	agent-04
04-prd03	docs_PRD03/reference-learning/gds-v2-dossiers/V023-verification-oracle-GraphProjectProcTest.md	5d6a55b3fad8212cec2a900ff7fb173f7f9f1ef9ec7d71f4891ec0147ffbe125	6931	md	semantic_text_candidate	agent-04
04-prd03	docs_PRD03/reference-learning/gds-v2-dossiers/V024-verification-oracle-ProcedureRunner.md	f9a1a0eaab6686e671822217a3d2bbcccb2d3a559818365f64605d857866cb42	5912	md	semantic_text_candidate	agent-04
04-prd03	docs_PRD03/reference-learning/gds-v2-dossiers/V025-verification-oracle-UndirectedEdgeSplitterTest.md	835ca497c043e06c62a71a80bbf5a0539b9be9e90cf7cf80dcd5c20d977a3105	6092	md	semantic_text_candidate	agent-04
04-prd03	docs_PRD03/reference-learning/gds-v2-dossiers/V026-verification-oracle-LouvainTest.md	977f50b0bca096bed8f12316326afa576e51f20220ba53b13bcfcec851c63aa0	6204	md	semantic_text_candidate	agent-04
04-prd03	docs_PRD03/reference-learning/gds-v2-dossiers/V027-verification-oracle-LinkPredictionPipelineTrainProcTest.md	678ff6e4d7fa15ad2ba54647548436f9d446d32ffd8cf3ab78b023627558679e	6445	md	semantic_text_candidate	agent-04
04-prd03	docs_PRD03/reference-learning/gds-v2-dossiers/V028-verification-oracle-NodePropertyStepExecutorTest.md	cb71a337f28c7c718fc11444323d24da5d5af265683325a4203da710d8ac720a	5442	md	semantic_text_candidate	agent-04
04-prd03	docs_PRD03/reference-learning/gds-v2-dossiers/V029-verification-oracle-CypherAggregationTest.md	09d9fe015e438ebeb98b79e9ff9c31fc01ab904e1efb1208d39efa11662f3fb1	6148	md	semantic_text_candidate	agent-04
04-prd03	docs_PRD03/reference-learning/gds-v2-dossiers/V030-verification-oracle-LinkPredictionPipelineIntegrationTest.md	3d2e97d5717db8dbe9c6ef3dd64495a53b663145862db03663b419d2c5c7987d	6575	md	semantic_text_candidate	agent-04
04-prd03	docs_PRD03/reference-learning/generate_gds_v2_evidence.py	6459ed8338e437ed7e4de7af58cd4fc5de70726268ade66075abbd70783cbe44	73155	py	source_script_candidate	agent-04
04-prd03	docs_PRD03/reference-learning/neo4j-family-dependency-graphs/README.md	eb1c3cd362019af9dbf33db6f4064a746ea9b538bfed840a8f22786b4d6b9fdf	2594	md	semantic_text_candidate	agent-04
04-prd03	docs_PRD03/reference-learning/neo4j-family-dependency-graphs/dot/cypher-dsl-src.dot	ce597c61027570a872e9e7c60e99d3376097231a34ee28b5ff7d5356f37185e5	760953	dot	generated_structured_candidate	agent-04
04-prd03	docs_PRD03/reference-learning/neo4j-family-dependency-graphs/dot/cypher-shell-src.dot	6bced8202ec625dad79b38e202edff2963426b0b65b6fcae174781f2b425a06b	98494	dot	generated_structured_candidate	agent-04
04-prd03	docs_PRD03/reference-learning/neo4j-family-dependency-graphs/dot/gds-agent-src.dot	e2e6f50ddafbc4c4365f5802934dcd1fa1ef25f7846e9c85861034fdd9b2f74f	11112	dot	generated_structured_candidate	agent-04
04-prd03	docs_PRD03/reference-learning/neo4j-family-dependency-graphs/dot/graph-data-science-src.dot	c5f8437a292d91089bc99e78b976bd1d50140434445e45b4fec08768c783610b	605	dot	generated_structured_candidate	agent-04
04-prd03	docs_PRD03/reference-learning/neo4j-family-dependency-graphs/dot/neo4j-apoc-procedures-src.dot	2860467e8a41a2525bf079372a4a1f99d5eb655e4eb986ab0b535e89b79c142c	487312	dot	generated_structured_candidate	agent-04
04-prd03	docs_PRD03/reference-learning/neo4j-family-dependency-graphs/dot/neo4j-apoc-src.dot	31aeb22539ee3a8b672935d9da0426eb29cbc4cf82658222d5a96a690d045fe0	244382	dot	generated_structured_candidate	agent-04
04-prd03	docs_PRD03/reference-learning/neo4j-family-dependency-graphs/dot/neo4j-browser-src.dot	27e18221e8cfa2806933d64586c2458a390a5899f65c6977b917e8b0e0573711	273205	dot	generated_structured_candidate	agent-04
04-prd03	docs_PRD03/reference-learning/neo4j-family-dependency-graphs/dot/neo4j-docs-bolt-src.dot	e613e1ba5eaa8d82c52db24822d7baf5decb07ccfe2f52806dbf4a395b3c890c	245	dot	generated_structured_candidate	agent-04
04-prd03	docs_PRD03/reference-learning/neo4j-family-dependency-graphs/dot/neo4j-dotnet-driver-src.dot	e862d883be4bedff72ae0019c88a04c5254deae2be491bdf4b8c2fdca0bb5889	625085	dot	generated_structured_candidate	agent-04
04-prd03	docs_PRD03/reference-learning/neo4j-family-dependency-graphs/dot/neo4j-gds-client-src.dot	e8b4c61334fbd167fcba587c34f3a5c8a5858e78e3c152212fba65d5da441751	696394	dot	generated_structured_candidate	agent-04
04-prd03	docs_PRD03/reference-learning/neo4j-family-dependency-graphs/dot/neo4j-gds-src.dot	001fd09fe60bdadec9619e631eec5dbdf64061a0d2378d392b66746dfdd547ce	6621861	dot	generated_structured_candidate	agent-04
04-prd03	docs_PRD03/reference-learning/neo4j-family-dependency-graphs/dot/neo4j-go-driver-src.dot	f698076d46931386f54cb1472f806410e696bc83a6f7b22068d82a08e6a9e1f8	98514	dot	generated_structured_candidate	agent-04
04-prd03	docs_PRD03/reference-learning/neo4j-family-dependency-graphs/dot/neo4j-java-driver-src.dot	51e4ad7d1ea663c43ad1975117ddaf215902c95071f73d69b0d9c4422cead7b0	885519	dot	generated_structured_candidate	agent-04
04-prd03	docs_PRD03/reference-learning/neo4j-family-dependency-graphs/dot/neo4j-javascript-driver-src.dot	9ddc39b9ad391c46ea76826f84b7f47275a19c7f64f826696283ca6d304cbda0	263575	dot	generated_structured_candidate	agent-04
04-prd03	docs_PRD03/reference-learning/neo4j-family-dependency-graphs/dot/neo4j-ogm-src.dot	e819331c3e6a9a75315511877d4c02d2b7e14627ac71d534da8fcc7c413f1ae9	1024372	dot	generated_structured_candidate	agent-04
04-prd03	docs_PRD03/reference-learning/neo4j-family-dependency-graphs/dot/neo4j-python-driver-src.dot	81d0f416a10dead7d7d9913f6263aed105c0af00103736eb919a632131379488	194403	dot	generated_structured_candidate	agent-04
04-prd03	docs_PRD03/reference-learning/neo4j-family-dependency-graphs/dot/neo4j-src.dot	560b9d288a0cd58ab5cbf500d4f5aad41f49de8978fff9bb88594e3b0f0fc404	19642724	dot	generated_structured_candidate	agent-04
04-prd03	docs_PRD03/reference-learning/neo4j-family-dependency-graphs/dot/neo4j-testkit-src.dot	4c192cebd07fcc8bf2183797566e2e3967cf8009554e227e2ba1f598f5eb260b	83085	dot	generated_structured_candidate	agent-04
04-prd03	docs_PRD03/reference-learning/neo4j-family-dependency-graphs/dot/neo4rs-src.dot	1e76a08bc975e844981da90f7f1b9ae5bb5a468a4c5e86f57ad5238bd92b2080	83532	dot	generated_structured_candidate	agent-04
04-prd03	docs_PRD03/reference-learning/neo4j-family-dependency-graphs/dot/opencypher-src.dot	e3b0c44298fc1c149afbf4c8996fb92427ae41e4649b934ca495991b7852b855	0	dot	generated_structured_candidate	agent-04
04-prd03	docs_PRD03/reference-learning/neo4j-family-dependency-graphs/family-file-edges.tsv	84065c3f87961c60889b4bbf5ac1a774aa911ec103e942c2d1a05c1b2f5164da	28148014	tsv	generated_structured_candidate	agent-04
04-prd03	docs_PRD03/reference-learning/neo4j-family-dependency-graphs/family-file-nodes.tsv	0ba39215498a05df12747e0819c348b8723c2b17bd0bb5a4d8a25040b1aa40c8	2461927	tsv	generated_structured_candidate	agent-04
04-prd03	docs_PRD03/reference-learning/neo4j-family-dependency-graphs/gds-complete-read-executable-spec-goal-ready.md	de93ff0bca919296a45a63efc8a85aff74772d93881ec09e8e1c54c2656b7a5e	12663	md	semantic_text_candidate	agent-04
04-prd03	docs_PRD03/reference-learning/neo4j-family-dependency-graphs/gds-complete-read-executable-spec-v2.md	953ede623d2074a2e1df21f613daa0eb3c81007e8388aaf0438c73c45447af1a	14846	md	semantic_text_candidate	agent-04
04-prd03	docs_PRD03/reference-learning/neo4j-family-dependency-graphs/gds-complete-read-executable-spec-v3.md	17983bc4bfd25ef4dbe016c0f6e7f77bac64617bb3762ff1357c50c0641b60e4	14503	md	semantic_text_candidate	agent-04
04-prd03	docs_PRD03/reference-learning/neo4j-family-dependency-graphs/gds-complete-read-executable-spec.md	c1b5ca16dd9fdee7a1d0ce7dc41dd65f2ab6ac5fc2c45e444d12e72e20e75675	17404	md	semantic_text_candidate	agent-04
04-prd03	docs_PRD03/reference-learning/neo4j-family-dependency-graphs/gds-complete-read-plan-v1.md	4cc51ff4b83b4b0165b09af7cf4a9d5af42bebcc596a86957e5a543e0871f9d9	12842	md	semantic_text_candidate	agent-04
04-prd03	docs_PRD03/reference-learning/neo4j-family-dependency-graphs/gds-complete-read-queue.tsv	fb569615bb362c4b68233d375ded21bd4879bd7739602644f41b79b3f513d393	72668	tsv	generated_structured_candidate	agent-04
04-prd03	docs_PRD03/reference-learning/neo4j-family-dependency-graphs/gds-read-progress-dashboard.md	1fe731bea12ca89041e9a0062d81d325ec93794a0a3dd4e7f428c06c37770d8d	11809	md	semantic_text_candidate	agent-04
04-prd03	docs_PRD03/reference-learning/neo4j-family-dependency-graphs/neo4j-family-verification-loop-executable-spec-v4.md	6564066536454fafd0b61fdae856fc64015a0901ff2d47c47f7b68aa3b339c47	14600	md	semantic_text_candidate	agent-04
04-prd03	docs_PRD03/reference-learning/neo4j-family-dependency-graphs/neo4j_family_graph.sqlite	8a5d862d9ee643a438ae5a182143ac1f99256dc1fb784321ce96c488e0e30c8b	108187648	sqlite	structured_database_candidate	agent-04
04-prd03	docs_PRD03/reference-learning/neo4j-family-dependency-graphs/opencypher-fallback-file-inventory.tsv	f66255b6f6d8a2ec3a25c0f0b0bf712f692daffc468775d4be8fe7d385fdf415	19735	tsv	generated_structured_candidate	agent-04
04-prd03	docs_PRD03/reference-learning/neo4j-family-dependency-graphs/opencypher-fallback-reference-edges.tsv	f64d4b11763bf7c3818cd4324f18e91908b1be58adac7247c4d8975830401b74	912	tsv	generated_structured_candidate	agent-04
04-prd03	docs_PRD03/reference-learning/neo4j-family-dependency-graphs/repo-summary.tsv	c4d2033f1634d28048b663518e5350610bfab54ffa9aa49262a3ae036852f577	5203	tsv	generated_structured_candidate	agent-04
04-prd03	docs_PRD03/reference-learning/neo4j-family-dependency-graphs/sqlite-navigation-guide.md	e589f6d73ca8b4bf7e10fca4be0462ce1dac28fad86285d262d7d74507eb6b12	13694	md	semantic_text_candidate	agent-04
04-prd03	docs_PRD03/reference-learning/neo4j-family-dependency-graphs/stderr/cypher-dsl-src.stderr.txt	e3b0c44298fc1c149afbf4c8996fb92427ae41e4649b934ca495991b7852b855	0	txt	semantic_text_candidate	agent-04
04-prd03	docs_PRD03/reference-learning/neo4j-family-dependency-graphs/stderr/cypher-shell-src.stderr.txt	e3b0c44298fc1c149afbf4c8996fb92427ae41e4649b934ca495991b7852b855	0	txt	semantic_text_candidate	agent-04
04-prd03	docs_PRD03/reference-learning/neo4j-family-dependency-graphs/stderr/gds-agent-src.stderr.txt	e3b0c44298fc1c149afbf4c8996fb92427ae41e4649b934ca495991b7852b855	0	txt	semantic_text_candidate	agent-04
04-prd03	docs_PRD03/reference-learning/neo4j-family-dependency-graphs/stderr/graph-data-science-src.stderr.txt	e3b0c44298fc1c149afbf4c8996fb92427ae41e4649b934ca495991b7852b855	0	txt	semantic_text_candidate	agent-04
04-prd03	docs_PRD03/reference-learning/neo4j-family-dependency-graphs/stderr/neo4j-apoc-procedures-src.stderr.txt	e3b0c44298fc1c149afbf4c8996fb92427ae41e4649b934ca495991b7852b855	0	txt	semantic_text_candidate	agent-04
04-prd03	docs_PRD03/reference-learning/neo4j-family-dependency-graphs/stderr/neo4j-apoc-src.stderr.txt	e3b0c44298fc1c149afbf4c8996fb92427ae41e4649b934ca495991b7852b855	0	txt	semantic_text_candidate	agent-04
04-prd03	docs_PRD03/reference-learning/neo4j-family-dependency-graphs/stderr/neo4j-browser-src.stderr.txt	e3b0c44298fc1c149afbf4c8996fb92427ae41e4649b934ca495991b7852b855	0	txt	semantic_text_candidate	agent-04
04-prd03	docs_PRD03/reference-learning/neo4j-family-dependency-graphs/stderr/neo4j-docs-bolt-src.stderr.txt	e3b0c44298fc1c149afbf4c8996fb92427ae41e4649b934ca495991b7852b855	0	txt	semantic_text_candidate	agent-04
04-prd03	docs_PRD03/reference-learning/neo4j-family-dependency-graphs/stderr/neo4j-dotnet-driver-src.stderr.txt	e3b0c44298fc1c149afbf4c8996fb92427ae41e4649b934ca495991b7852b855	0	txt	semantic_text_candidate	agent-04
04-prd03	docs_PRD03/reference-learning/neo4j-family-dependency-graphs/stderr/neo4j-gds-client-src.stderr.txt	e3b0c44298fc1c149afbf4c8996fb92427ae41e4649b934ca495991b7852b855	0	txt	semantic_text_candidate	agent-04
04-prd03	docs_PRD03/reference-learning/neo4j-family-dependency-graphs/stderr/neo4j-gds-src.stderr.txt	e3b0c44298fc1c149afbf4c8996fb92427ae41e4649b934ca495991b7852b855	0	txt	semantic_text_candidate	agent-04
04-prd03	docs_PRD03/reference-learning/neo4j-family-dependency-graphs/stderr/neo4j-go-driver-src.stderr.txt	e3b0c44298fc1c149afbf4c8996fb92427ae41e4649b934ca495991b7852b855	0	txt	semantic_text_candidate	agent-04
04-prd03	docs_PRD03/reference-learning/neo4j-family-dependency-graphs/stderr/neo4j-java-driver-src.stderr.txt	e3b0c44298fc1c149afbf4c8996fb92427ae41e4649b934ca495991b7852b855	0	txt	semantic_text_candidate	agent-04
04-prd03	docs_PRD03/reference-learning/neo4j-family-dependency-graphs/stderr/neo4j-javascript-driver-src.stderr.txt	e3b0c44298fc1c149afbf4c8996fb92427ae41e4649b934ca495991b7852b855	0	txt	semantic_text_candidate	agent-04
04-prd03	docs_PRD03/reference-learning/neo4j-family-dependency-graphs/stderr/neo4j-ogm-src.stderr.txt	e3b0c44298fc1c149afbf4c8996fb92427ae41e4649b934ca495991b7852b855	0	txt	semantic_text_candidate	agent-04
04-prd03	docs_PRD03/reference-learning/neo4j-family-dependency-graphs/stderr/neo4j-python-driver-src.stderr.txt	e3b0c44298fc1c149afbf4c8996fb92427ae41e4649b934ca495991b7852b855	0	txt	semantic_text_candidate	agent-04
04-prd03	docs_PRD03/reference-learning/neo4j-family-dependency-graphs/stderr/neo4j-src.stderr.txt	e3b0c44298fc1c149afbf4c8996fb92427ae41e4649b934ca495991b7852b855	0	txt	semantic_text_candidate	agent-04
04-prd03	docs_PRD03/reference-learning/neo4j-family-dependency-graphs/stderr/neo4j-testkit-src.stderr.txt	e3b0c44298fc1c149afbf4c8996fb92427ae41e4649b934ca495991b7852b855	0	txt	semantic_text_candidate	agent-04
04-prd03	docs_PRD03/reference-learning/neo4j-family-dependency-graphs/stderr/neo4rs-src.stderr.txt	e3b0c44298fc1c149afbf4c8996fb92427ae41e4649b934ca495991b7852b855	0	txt	semantic_text_candidate	agent-04
04-prd03	docs_PRD03/reference-learning/neo4j-family-dependency-graphs/stderr/opencypher-src.stderr.txt	7c74a5599814c951c118744c35dacaefb615d3881ce593d7ca46ae0de3b65e24	2147	txt	semantic_text_candidate	agent-04
04-prd03	docs_PRD03/reference-learning/run_neo4j_family_clarity_graphs.py	447f75dd7fd9475cc917e2fc338aa605f736ae6a47ec09b9b6e9ab3b2686c137	8037	py	source_script_candidate	agent-04
05-prd04	docs_PRD04/A000-spc-founder-interview-prep.md	39292821d7138acb51638e95ea7a13100a9bb8d6d5994bf72076d85eb549a023	24522	md	semantic_text_candidate	agent-05
05-prd04	docs_PRD04/A001-spc-submission-source-draft.md	8cd000794508c27500448ffa9e14fc092bb0ec199ac52b1a8421dc18706022df	27101	md	semantic_text_candidate	agent-05
05-prd04	docs_PRD04/A002-spc-founder-interview-prep-v2.md	f36e690fea009a57c4168f6c99ee73c7abcb34ce804b1b7c081ed7c2b2e48ef3	24079	md	semantic_text_candidate	agent-05
05-prd04	docs_PRD04/A003-spc-founder-interview-prep-v3.md	95e662ff88f84a848dff25b9bad5222ecc270006ff202b96ae8e3e8082795fab	25665	md	semantic_text_candidate	agent-05
05-prd04	docs_PRD04/A004-spc-founder-interview-prep-v4.md	c380cb0b6ce7a8d5b897b14377c60a0ccf2d433dbdea0fb945cc23d98117a711	29206	md	semantic_text_candidate	agent-05
05-prd04	docs_PRD04/A005-spc-founder-interview-prep-v5.md	a20e473478e8be6edcf62aa090535a8d0e42392abcae6aa605571076a780d9cc	45597	md	semantic_text_candidate	agent-05
05-prd04	docs_PRD04/A006-spc-founder-interview-prep-v6.md	6b6fc795e4618c123c16c14dbf2643f0868cdcbaaf0d5a7d91a2fd4036f0d3c7	28911	md	semantic_text_candidate	agent-05
05-prd04	docs_PRD04/A007-Custom-OLAP-Storage-Innovation-Atlas.md	0194fc7d29400333aacd63a56976ed3e0e885cd9d0d01ddf698095a7fd9ba094	91453	md	semantic_text_candidate	agent-05
05-prd04	docs_PRD04/A007-spc-founder-interview-prep-v7.md	e7048d13443500631873dd013792851949a25f6cce69c10643282e7dc3ee35ec	40744	md	semantic_text_candidate	agent-05
05-prd04	docs_PRD04/A01-202607260102.md	5266aec62a013e06d6e81f72a77c84b2f97707d2c81481434ba84e9626d3acbe	50892	md	semantic_text_candidate	agent-05
05-prd04	docs_PRD04/ASCII-Conclusion-01-v2-First-Principles.md	82327a5a8131127ba8c404fdcad2d72d6dc4ae6ca87dee3524d03d212c9ab198	18272	md	semantic_text_candidate	agent-05
05-prd04	docs_PRD04/ASCII-innovation-mega-arch-20260726v1.md	cf2d8d742860e03be118641a2eb278ed107ab9e618c2f05c7f31c3628e5f2786	19790	md	semantic_text_candidate	agent-05
05-prd04	docs_PRD04/AlgoExplainers-ASCII.md	e8375f8690d9e810fc1ed6818cdc6f8bc63238f825dacd350308912144a1ff26	25175	md	semantic_text_candidate	agent-05
05-prd04	docs_PRD04/Algorithm-Storage-Decision-Analysis.md	2e3d92b1968676a3a90b95e0dfa572101c999ae6a3cbbafebeec090e80e6af4e	81389	md	semantic_text_candidate	agent-05
05-prd04	docs_PRD04/Arch-Summary-ASCII-v1.md	2590571d94119cb938d2d38f1f993c00df0b16c72b4cc60dfcd2d361fa1feebe	9787	md	semantic_text_candidate	agent-05
05-prd04	docs_PRD04/Arch-options.md	a849bcf5a00e6febdb4bd6e289ead2ce78e02791c6c8cd725483755e4ab2ebe2	59596	md	semantic_text_candidate	agent-05
05-prd04	docs_PRD04/Arch01.md	a40a4118173095dce0cca0b7984ecf2731f3c3f90d4976b2a0934e346f4c1130	34643	md	semantic_text_candidate	agent-05
05-prd04	docs_PRD04/Arch02.md	8c60557995adf48ec9dbc07b9f22508e9f02f40893fa99ddbf28571164f4f577	31940	md	semantic_text_candidate	agent-05
05-prd04	docs_PRD04/Arch03.md	cd8db2c5d10ff91700b6acad950dcd96161b9d6f0dec85f78dde30e4fa8cee92	19930	md	semantic_text_candidate	agent-05
05-prd04	docs_PRD04/Arch04.md	51cdacd75bfad2e0dbc7028f339ad6887a7c5615d6e29732564a0e0e7a87139b	18618	md	semantic_text_candidate	agent-05
05-prd04	docs_PRD04/Arch05.md	d9f55e6ba03fe9dc010adb40546c0f7c672ca3260939b97f72687ce4ed2096e8	19681	md	semantic_text_candidate	agent-05
05-prd04	docs_PRD04/Arch06.md	ce4efcd403ceb8a4b8ca4b30aae877329ff262f113bb1cd38a461de4544d7d8b	54764	md	semantic_text_candidate	agent-05
05-prd04	docs_PRD04/Conclusion-01-Spend-Disk-Buy-RAM.md	cb4f251afc257a80c89b3eaab5bab879eeb9bdc05cdadd868a8c7560e368bac7	29053	md	semantic_text_candidate	agent-05
05-prd04	docs_PRD04/Conclusion-01-v2-First-Principles-Derivation.md	b58b601e37b002c040ca94ec4afee09eaff7f7bf4bcfe4740cf9d143147ebfe0	19679	md	semantic_text_candidate	agent-05
05-prd04	docs_PRD04/Everything-We-Know-Now.md	ac61276783d1a1e040b49478838f5f1e2a9306da1cdbf41c2b38ce1f2466ab19	26580	md	semantic_text_candidate	agent-05
05-prd04	docs_PRD04/GDS-PRD-L1-Evidence-Dossier-Executable-Spec.md	f2e7d310ce6ab09caf9a94a9106c036a110ff1370f8d2a6ca4cf606273b6a531	20552	md	semantic_text_candidate	agent-05
05-prd04	docs_PRD04/GDS-PRD-L1-Evidence-Dossier-v2-Executable-Spec.md	42744167f4abad53a6cc7f40a69dd8fe796a765a0e9d468364634942fb187dea	27458	md	semantic_text_candidate	agent-05
05-prd04	docs_PRD04/Gap-Closure-Executable-Spec.md	f703cfea6fab0b5fb68a6d14963fc714dd02827ef2913d7ad35487acf84bfdbe	16726	md	semantic_text_candidate	agent-05
05-prd04	docs_PRD04/Gap-Closure-Implementation-Plan.md	d3911877e0de83b2aa2e7663ab760d02ce43efabe1371601450fa1cc3721bccb	13560	md	semantic_text_candidate	agent-05
05-prd04	docs_PRD04/Neo4j-Compatibility-LowRAM-Mega-Spec.md	aa92c5b682420d6c09fb712336f0248520d8c0eefb783178927a8d7899c88cd4	70311	md	semantic_text_candidate	agent-05
05-prd04	docs_PRD04/Not-First-Still-Different.md	9326b7e71e1095e5e36cbd22a9789576eef06c811583fe7bffe4c4429c292581	8242	md	semantic_text_candidate	agent-05
05-prd04	docs_PRD04/PMF01.md	83bf218f05eba0d4ea14d1b9dbe5405c6b791d5dafae8c4703670daf74027512	19206	md	semantic_text_candidate	agent-05
05-prd04	docs_PRD04/PMF02.md	ceb857859b47ca63b5cdcb5aeecb4bb16c4cf911c46a4fc015b24c84adacc8d5	17157	md	semantic_text_candidate	agent-05
05-prd04	docs_PRD04/PMF03.md	21facc1993aa1e66e088920f00106f6355ec95984527f8da521d261b8ac35370	18985	md	semantic_text_candidate	agent-05
05-prd04	docs_PRD04/PMF04.md	7fa7eedc26f7bb7541ab16410a99bc8efa253e48246428dc8c70da6ad2652df6	16589	md	semantic_text_candidate	agent-05
05-prd04	docs_PRD04/Real-Pain-Wrong-Product.md	6c5df3fb5d450e38c976aad87ef40f5f2945a736c6f3ce0212ddc86ea762b860	29649	md	semantic_text_candidate	agent-05
05-prd04	docs_PRD04/Reference-Learning-Critique-Gaps.md	9c76a8d3230189d656a9f2bfb643b36316f792b0ed4ec0ebd04ff48d6d35f75d	17044	md	semantic_text_candidate	agent-05
05-prd04	docs_PRD04/SUM01.md	5c2d401254a825321d6c9dbeacd71acbf29ea15187fb4fc3232e252b5b21ddc1	7686	md	semantic_text_candidate	agent-05
05-prd04	docs_PRD04/Sol-01.md	6e0432a66a42f6824cd01331e9f3327cee7de90cc3d85d817299963d17bd45b8	105567	md	semantic_text_candidate	agent-05
05-prd04	docs_PRD04/Sol-02.md	e10d8ab3122002e612159f776820ca4998d36fe4c6b38e49e67df85cdfe91cc5	7341	md	semantic_text_candidate	agent-05
05-prd04	docs_PRD04/The-One-Question-Left.md	25e668d6d8597116de33d75ca3c9043648346220609186579f9b2231e7014836	17381	md	semantic_text_candidate	agent-05
05-prd04	docs_PRD04/V003-Reference-Folder-Learning-Spec.md	654b80ce305f104a75cab03e7df000180973ea96584d780a25fe17af8c77c1ff	90239	md	semantic_text_candidate	agent-05
05-prd04	docs_PRD04/Win-The-Whales-Vision.md	b3f0e605fbacec83944c20551809938a48fa2f47b4a0d09afa0b4ed7354e2f16	36708	md	semantic_text_candidate	agent-05
05-prd04	docs_PRD04/evidence01.md	f497c25d429e6149c0aa1aa1f5649d4e742dc62ac13fc7e366a5c7013261dc36	44980	md	semantic_text_candidate	agent-05
05-prd04	docs_PRD04/github-repo-longlist.md	776947c367d8eeeb0569f21e7b85760c3f5349c6a82bca5a843890a7306c59d1	24637	md	semantic_text_candidate	agent-05
05-prd04	docs_PRD04/graph-adoption-wave-thesis-202608011557.md	df20eddfdc4d31296a20cf0338f61dd0ade9f18034b86df7ec953cc36948ceb6	11343	md	semantic_text_candidate	agent-05
05-prd04	docs_PRD04/graph-compute-customer-evidence-dossier.md	c534644dadaedb5e96687b1b01dc2be96b0c12df34403464e36f580aaaa8acdf	69787	md	semantic_text_candidate	agent-05
05-prd04	docs_PRD04/graph-compute-evidence-matrix.xlsx	7d3619dd1bef183083eecfa67657f90641ceb10c0c678e9aa6147798a2e33f14	36877	xlsx	structured_workbook_candidate	agent-05
05-prd04	docs_PRD04/gtm-POC-01.md	8571cf6b6b0d49b802cc5509e00e5ec12799090ebeb767b9e411076b26e229e5	19061	md	semantic_text_candidate	agent-05
05-prd04	docs_PRD04/innovation-mega-arch-20260726v1.md	095642fe07ff210334712fbf2a7368601fc2eee04f57fdb3fa11ae65f041d11c	35628	md	semantic_text_candidate	agent-05
05-prd04	docs_PRD04/innovation-storage-timelines-20260726v2.md	b1f5eb9dc32398bd446a6ae7873a4dfb5a71f2e5c3b241fb9d3bb39d2d62ad48	15478	md	semantic_text_candidate	agent-05
05-prd04	docs_PRD04/innovation-storage-timelines-20260726v3.md	7e3afefcf943d55c3c26073274dbfb99886194d04ce15e7611d193ea83ae6721	13349	md	semantic_text_candidate	agent-05
05-prd04	docs_PRD04/mega-arch-20260726v1.md	1e07bf1d9c324ef676586d8f13e1b1abcc6dcc51286688accb6f7b416ebb0daa	30488	md	semantic_text_candidate	agent-05
05-prd04	docs_PRD04/prd-l1.md	88205c72c5ca040b4df8d4046e9060837eefc532fc6fe811267209a2b3fe9d8c	7612	md	semantic_text_candidate	agent-05
05-prd04	docs_PRD04/raw-research-evidence-dump-2026-07-26.txt	474a45f214d771e8e733ad9384dd02b6fa329e5cfcbe6649913a4ad84e1f3bce	36341645	txt	bulk_text_candidate	agent-05
05-prd04	docs_PRD04/reference-learning/neo4j-compat-lowram/agent-01-core-compatibility.md	d35f0aee97b5784d30d4fc904542581acf034f56e3baa3ff1dc2738902446833	51688	md	semantic_text_candidate	agent-05
05-prd04	docs_PRD04/reference-learning/neo4j-compat-lowram/agent-02-gds-lowram.md	27403bd6afc8e5e9d365e9ed39cf71a5d9df29782136a040cdd7a62ef1bed3dd	43812	md	semantic_text_candidate	agent-05
05-prd04	docs_PRD04/reference-learning/neo4j-compat-lowram/agent-03-verification-ecosystem.md	ccb22307b9631d2be1c5f2068243f7166540ae4287a7b585204e3e56957e0f16	55929	md	semantic_text_candidate	agent-05
05-prd04	docs_PRD04/reference-learning/neo4j-compat-lowram/current-implementation-gap-ledger.md	7b667e26b03434ecdec633996672a397eb88154d861fec89e35976904e45dc34	7525	md	semantic_text_candidate	agent-05
05-prd04	docs_PRD04/reference-learning/neo4j-compat-lowram/evidence/agent-01-files.tsv	1bc5e1298f570920079b142c4c0e7629a26ace99df49a0fb58e2ca245778fd1e	2565173	tsv	generated_structured_candidate	agent-05
05-prd04	docs_PRD04/reference-learning/neo4j-compat-lowram/evidence/agent-02-files.tsv	72fb2cde9004a958b2c17c12bd7cc7e860e32250b9b2971bce3a851941c63724	2302149	tsv	generated_structured_candidate	agent-05
05-prd04	docs_PRD04/reference-learning/neo4j-compat-lowram/evidence/agent-03-files.tsv	0055ae4645fc48ddceb53f873e9eff54842cca5424743a048aa0bdac36da1558	1258224	tsv	generated_structured_candidate	agent-05
05-prd04	docs_PRD04/reference-learning/neo4j-compat-lowram/evidence/all-files-denominator.tsv	03e35cf1a1b0964e7876bf8b25b9e8819f5578e06b4efb4c9ab3f182193b4846	6320922	tsv	generated_structured_candidate	agent-05
05-prd04	docs_PRD04/reference-learning/neo4j-compat-lowram/founder-contract-spine.md	860d5db47ee5ae40791a39dbd7836079396d20e9fc618eab20a7e947efbe9bc4	8420	md	semantic_text_candidate	agent-05
05-prd04	docs_PRD04/reference-learning/neo4j-compat-lowram/integration-audit.md	8811dc6b8e62832aa3c87d4a8aa8682cd8b63ccbf19e0373303385540470cd4c	9028	md	semantic_text_candidate	agent-05
05-prd04	docs_PRD04/reference-learning/neo4j-compat-lowram/main-codegraph-evidence.md	aa413c45db5fb128caa059c1b126178c38d7a48de80f4388c5514f826f229bcd	10141	md	semantic_text_candidate	agent-05
05-prd04	docs_PRD04/simulation01.md	c518c63855f96749f4ae87f9e629e6982a67c26c7f641b601e7248ac9b4f211f	67620	md	semantic_text_candidate	agent-05
05-prd04	docs_PRD04/spc-interview-prep-critique-202607311413.md	0af53a479c8d3af26c976854d45c68e1c5191c3260a52d80db1cb79138652405	8719	md	semantic_text_candidate	agent-05
06-prd05-prd06	docs_PRD05/Neo4j-Rust-Prior-Art-Feasibility-Risk-Assessment.md	75d9f784fe20cd46396f323c3f720138fc52d258adb5594534ceb210711b59eb	92487	md	semantic_text_candidate	agent-06
06-prd05-prd06	docs_PRD05/Neo4j-Rust-Rewrite-Feasibility.md	8c3752033aff7cca397672086bbe38f3f10d296741585ea34cf66b3d14588688	44091	md	semantic_text_candidate	agent-06
06-prd05-prd06	docs_PRD05/Neo4j-Rust-Two-Scenario-Estimation.md	4238dd495f01b6bdc71d9707ac3caadd3e12b9198ad070a8cdea2175e46a56f7	63908	md	semantic_text_candidate	agent-06
06-prd05-prd06	docs_PRD05/README.md	611e319d3051dd84df449ba131e1cad285fdaf0967d104346870cf38c977faca	2037	md	semantic_text_candidate	agent-06
06-prd05-prd06	docs_PRD06/README.md	08a4aa4bde98c83a5d028aaaab9d41ee2b8e0023c7404eb5783a14b7804acec0	1521	md	semantic_text_candidate	agent-06
06-prd05-prd06	docs_PRD06/Rewrite-Sampling-And-Convergence-Thesis.md	03b1fa78d3998af4738a12dae8219e096504940572b4d2faf9b273813e327b48	9935	md	semantic_text_candidate	agent-06
06-prd05-prd06	docs_PRD06/graph-learning/README.md	19153725ae0b5858c3cc8972cfee53dd7b6bf23755d2892603143e0500096ed4	2535	md	semantic_text_candidate	agent-06
06-prd05-prd06	docs_PRD06/graph-learning/SPEC-graph-learning-corpus-research.md	d5af00a2947e2162a78106cfbff68eac0cc2998b4e6b56e43781bfb32ca1d928	10412	md	semantic_text_candidate	agent-06
06-prd05-prd06	docs_PRD06/graph-learning/algorithm-application-domains-map-v2.md	f2ff7740b0e511b89fde8ded2bb3b682a958801d710c64fc078fff2a6acced7e	13840	md	semantic_text_candidate	agent-06
06-prd05-prd06	docs_PRD06/graph-learning/algorithm-application-domains-map-v3.md	9a33bb357d0a678c2a0c3e8875dd39ee409d55756e5220df59c451d05d750304	18546	md	semantic_text_candidate	agent-06
06-prd05-prd06	docs_PRD06/graph-learning/algorithm-application-domains-map.md	1893a2a27686a8946b086d9443e2429a278d3285d9a5f73ef8acf48d2c112bfa	14124	md	semantic_text_candidate	agent-06
06-prd05-prd06	docs_PRD06/graph-learning/bench-testing-pattern-synthesis-ascii.md	0c2bb01231f5f58f25df61d4aed19588b97df5b16c2e275c06a17fc3fb4de234	8150	md	semantic_text_candidate	agent-06
06-prd05-prd06	docs_PRD06/graph-learning/bench-testing-pattern-synthesis-mermaid.md	782e7794fec93a62cc7de2940229571501600006857681cfae2ff4e58680dfbb	8816	md	semantic_text_candidate	agent-06
06-prd05-prd06	docs_PRD06/graph-learning/bloom-filter-shortcut-ascii.md	0f40846b83ad80a6acdae28948d3425de4005dbf3ae4ddc34df3d0094b4430e9	6908	md	semantic_text_candidate	agent-06
06-prd05-prd06	docs_PRD06/graph-learning/bloom-filter-shortcut-mermaid.md	8c1ecdcdaf77469b5ac1ad705fdc3cb5ff93939df68d4e3788f5856dd69145f2	6126	md	semantic_text_candidate	agent-06
06-prd05-prd06	docs_PRD06/graph-learning/bm25-wand-pruning-ascii.md	1a3fcf3ef1fb76f5c3fdc1a6f071b2948ce2aa93584ccedb4751da6f25bafc78	7045	md	semantic_text_candidate	agent-06
06-prd05-prd06	docs_PRD06/graph-learning/bm25-wand-pruning-mermaid.md	7c76b6a28e44cbc8e21b2de19840a4fcef74a0096014761d00e3a9c06892ab27	7965	md	semantic_text_candidate	agent-06
06-prd05-prd06	docs_PRD06/graph-learning/component-hooking-shortcutting-ascii.md	0e02354f609b81c1d50c14f64bcd9b5d36de503d17c5e91b10999372daaf753d	7148	md	semantic_text_candidate	agent-06
06-prd05-prd06	docs_PRD06/graph-learning/component-hooking-shortcutting-mermaid.md	f0c9435fa0f6d356df6800cdf9b3a769ca65192fbcbb9fae9c24a5ebe36c25b2	7696	md	semantic_text_candidate	agent-06
06-prd05-prd06	docs_PRD06/graph-learning/corpus-capstone-pattern-synthesis-ascii.md	750bdbd25f9d61ab36334859dc2b05a6404773aa1fc5c79065b7fdf6de691d75	8716	md	semantic_text_candidate	agent-06
06-prd05-prd06	docs_PRD06/graph-learning/corpus-capstone-pattern-synthesis-mermaid.md	2e1308dd385ae3c813bdb7ad0a05037da60a6af71bfa5525f2dabe24ba07ca6b	8812	md	semantic_text_candidate	agent-06
06-prd05-prd06	docs_PRD06/graph-learning/corpus-ledger.tsv	4cb2917b5cd98068891833666e7a17748ba2124ef01b5c1d1941c31ed9633a49	36808	tsv	generated_structured_candidate	agent-06
06-prd05-prd06	docs_PRD06/graph-learning/corpus-research-findings.md	40db25102cbdf7b6a49d0529bb277952a9ddc4d9f050f641baf0d72639970f9f	6570	md	semantic_text_candidate	agent-06
06-prd05-prd06	docs_PRD06/graph-learning/cow-tree-snapshot-ascii.md	b4022a1ea88d3f296e5fabad06d9bd561ad948dc56a7b3307251c4600a2b02d9	7588	md	semantic_text_candidate	agent-06
06-prd05-prd06	docs_PRD06/graph-learning/cow-tree-snapshot-mermaid.md	abc9d11dd15faccd303186db0a9fd6fed11e83819cdd94e38f76f7baa2712c42	7079	md	semantic_text_candidate	agent-06
06-prd05-prd06	docs_PRD06/graph-learning/csr-adjacency-layout-ascii.md	fcf0585217335c2ad44b04f8168be310c7ec25ecaef5580f05f50f80d1660a55	7561	md	semantic_text_candidate	agent-06
06-prd05-prd06	docs_PRD06/graph-learning/csr-adjacency-layout-mermaid.md	8a8fd9ae9c376e4af32aa5318301a855dc377ea8fba958a1039eff414f6c2749	7147	md	semantic_text_candidate	agent-06
06-prd05-prd06	docs_PRD06/graph-learning/dataflow-compute-pattern-synthesis-ascii.md	5dd5f996bf4de6e89d9c545e6e5c287bb6cd924660839cccc0f9874fb315dfee	7561	md	semantic_text_candidate	agent-06
06-prd05-prd06	docs_PRD06/graph-learning/dataflow-compute-pattern-synthesis-mermaid.md	e39e1a0f54e5671262a5a9bd8ab05099d3ec33623a2f0fdb4f38cbd94658484d	8446	md	semantic_text_candidate	agent-06
06-prd05-prd06	docs_PRD06/graph-learning/delta-stepping-buckets-ascii.md	cfc4a0e50af0a1539f687284738c0877b47a3331ab446d8c0d213a5d2c6bc83e	7879	md	semantic_text_candidate	agent-06
06-prd05-prd06	docs_PRD06/graph-learning/delta-stepping-buckets-mermaid.md	59c1888fbd05d4467c7246a3a4e2eed05ecfa8dc3284811334cf0e984a94a19c	8031	md	semantic_text_candidate	agent-06
06-prd05-prd06	docs_PRD06/graph-learning/diskann-vamana-layout-ascii.md	01059f65ebfece93fd731cd4032fbc6575f2d51a0786b855ee43db0369d7da54	7080	md	semantic_text_candidate	agent-06
06-prd05-prd06	docs_PRD06/graph-learning/diskann-vamana-layout-mermaid.md	b23bedb28b7e40f2369607bebd3f51c2d83cd9d0dfcda5fdd941886828c986da	7771	md	semantic_text_candidate	agent-06
06-prd05-prd06	docs_PRD06/graph-learning/domain-keywords-glossary.md	9e2871b3a6133c4dd3bca348b3d533814c82fbaeb46771ecaf8142321ba8101c	7702	md	semantic_text_candidate	agent-06
06-prd05-prd06	docs_PRD06/graph-learning/frontier-pushpull-switching-ascii.md	d1e7fc7149beaf890d097a6ec5c6179102775dc375985a0201db444efcb181b1	7527	md	semantic_text_candidate	agent-06
06-prd05-prd06	docs_PRD06/graph-learning/frontier-pushpull-switching-mermaid.md	45440d67e4ddc751198363cf9686ba03652a3765f3555684f71fe8b372c0bc20	7735	md	semantic_text_candidate	agent-06
06-prd05-prd06	docs_PRD06/graph-learning/fst-term-dictionary-ascii.md	4938ac2aacd6e3b9e97a09943de525f5e5e85883912391c93fb53c557ae59303	7297	md	semantic_text_candidate	agent-06
06-prd05-prd06	docs_PRD06/graph-learning/fst-term-dictionary-mermaid.md	3a1d0d68e49b07fd4911d8324fd5f3ef5e31eb15288c3fffb16f6aad4368caa9	8400	md	semantic_text_candidate	agent-06
06-prd05-prd06	docs_PRD06/graph-learning/full-text-search-pattern-synthesis-ascii.md	252ebc8c6a96090eee278d1d8d0712d7536de79369c00be85c80bda496dae8c0	7961	md	semantic_text_candidate	agent-06
06-prd05-prd06	docs_PRD06/graph-learning/full-text-search-pattern-synthesis-mermaid.md	2ab36f7f047e9729d98dec75524d663a325013d15ce19386cd942822a2119bae	7770	md	semantic_text_candidate	agent-06
06-prd05-prd06	docs_PRD06/graph-learning/graph-analytics-pattern-synthesis-ascii.md	1ee8edf8f4eeac7b0a9cd2ebefb6be681695ebfa444ad48d6013236c6157540e	8189	md	semantic_text_candidate	agent-06
06-prd05-prd06	docs_PRD06/graph-learning/graph-analytics-pattern-synthesis-mermaid.md	abd41172f9bf0baa5a466590c97126866a0aa92099499ad36d16e421cd48b4dc	7698	md	semantic_text_candidate	agent-06
06-prd05-prd06	docs_PRD06/graph-learning/graph-db-pattern-synthesis-ascii.md	7950b70ead94bd515a34465a74393dfb8a6c57a87b09dac1a72cb18b5ee69e6a	7614	md	semantic_text_candidate	agent-06
06-prd05-prd06	docs_PRD06/graph-learning/graph-db-pattern-synthesis-mermaid.md	5d9b1f4e1701ed887a605bbc4658780fe90875df020077eea1fec7ac0a733859	8332	md	semantic_text_candidate	agent-06
06-prd05-prd06	docs_PRD06/graph-learning/hnsw-layered-greedy-ascii.md	0e495b294826a576dc63ccdb85e593b6d1db5bbaf645ad3c85c5356be62f3f9d	7661	md	semantic_text_candidate	agent-06
06-prd05-prd06	docs_PRD06/graph-learning/hnsw-layered-greedy-mermaid.md	c2bad02935ee18d6f05e8c513441cb5e54d192d426b004e6e45f661f5fc92592	7566	md	semantic_text_candidate	agent-06
06-prd05-prd06	docs_PRD06/graph-learning/incremental-delta-iteration-ascii.md	1c986c77806fd56ae1b2927f20b4d0acd8824cf1a827c475f5e9f41f4024e2c6	7100	md	semantic_text_candidate	agent-06
06-prd05-prd06	docs_PRD06/graph-learning/incremental-delta-iteration-mermaid.md	fc420f30d646614d0fefb06e9144d9fcf8a88673849d7fb5942c7791358641c7	8216	md	semantic_text_candidate	agent-06
06-prd05-prd06	docs_PRD06/graph-learning/ivf-partitioned-probe-ascii.md	c5c9ecc0522915a688819e513610f2b302fa7665317336bbb6baabbfd6b071b2	6893	md	semantic_text_candidate	agent-06
06-prd05-prd06	docs_PRD06/graph-learning/ivf-partitioned-probe-mermaid.md	641219922654877e7ecf7d334993ad52820d7b7df2d2a918ce0ba866c1460df6	7921	md	semantic_text_candidate	agent-06
06-prd05-prd06	docs_PRD06/graph-learning/lsm-compaction-tradeoff-ascii.md	6ed5fdb8800d1a2fd180851f6b43fcd22a95bdc09cd46d33303348229d0cb2c9	8343	md	semantic_text_candidate	agent-06
06-prd05-prd06	docs_PRD06/graph-learning/lsm-compaction-tradeoff-mermaid.md	5c0943336d9eb41bd50d0753d7bd693312e1531d9e829d9a967845d1b3fe8de6	6963	md	semantic_text_candidate	agent-06
06-prd05-prd06	docs_PRD06/graph-learning/metamorphic-oracle-testing-ascii.md	d1168ec0b532fb65257fad3385ce2a79c8446815b67e8d8bd05a6debba9ab512	7102	md	semantic_text_candidate	agent-06
06-prd05-prd06	docs_PRD06/graph-learning/metamorphic-oracle-testing-mermaid.md	f18b8e56248daeb9503055443fa3af2a2d5166ab13e8cedf92c7643368428ad9	7711	md	semantic_text_candidate	agent-06
06-prd05-prd06	docs_PRD06/graph-learning/mvcc-snapshot-visibility-ascii.md	4947ecfb2eab566d3d57210aa08bf6a22141ce7d1202e428b0f49ea51f5cb057	7597	md	semantic_text_candidate	agent-06
06-prd05-prd06	docs_PRD06/graph-learning/mvcc-snapshot-visibility-mermaid.md	343f6d5ab05bd911676fd8e7db50e90ce2ad22679abb0bb31a366d01e701ecf4	6518	md	semantic_text_candidate	agent-06
06-prd05-prd06	docs_PRD06/graph-learning/neo4j-ecosystem-pattern-synthesis-ascii.md	24ba8407b63ddb58f88c98827dd6c44ba3ab748b80df86af354b29bd0d34eca7	7622	md	semantic_text_candidate	agent-06
06-prd05-prd06	docs_PRD06/graph-learning/neo4j-ecosystem-pattern-synthesis-mermaid.md	7694db2f8065425cc5a2f4b077a5919a97842880680e4f2d44685e0bc1f0c6fb	8406	md	semantic_text_candidate	agent-06
06-prd05-prd06	docs_PRD06/graph-learning/packstream-wire-encoding-ascii.md	9054f4f213e9d53aa180821d389ff94f58fe475f19590b9b41764ba6b651b107	6540	md	semantic_text_candidate	agent-06
06-prd05-prd06	docs_PRD06/graph-learning/packstream-wire-encoding-mermaid.md	1ca69cc7ab84d75cf77982bcadaecf5171e31d1d6488e6c97e0a008000c4fc05	7141	md	semantic_text_candidate	agent-06
06-prd05-prd06	docs_PRD06/graph-learning/pagerank-iteration-convergence-ascii.md	7dd44be9862043bc592d98e7af7ea0985a0938cb4486b1748b6a95a12a37d758	7468	md	semantic_text_candidate	agent-06
06-prd05-prd06	docs_PRD06/graph-learning/pagerank-iteration-convergence-mermaid.md	f35f053536d92030ddab0f36130e8f417d1d44cb54321f6bc84bf78768fa7e27	7745	md	semantic_text_candidate	agent-06
06-prd05-prd06	docs_PRD06/graph-learning/pattern-index.md	1b3c10dd7d335647906da480a8288e386412bc75eb9d2153a215b66b02ee5a71	5738	md	semantic_text_candidate	agent-06
06-prd05-prd06	docs_PRD06/graph-learning/pmf-analysis-apache-ecosystem-lens.md	7d85a4a90b9f0d32c4b66c2793830bbe7a6ff875d2997d1416d83690bc17c555	12531	md	semantic_text_candidate	agent-06
06-prd05-prd06	docs_PRD06/graph-learning/pmf-analysis-shreyas-doshi-lens.md	66eb5e8f60ca473f02bbfea1d3a0b760de3e14d893b78e11d1c584ec584c47fa	13216	md	semantic_text_candidate	agent-06
06-prd05-prd06	docs_PRD06/graph-learning/posting-block-compression-ascii.md	f838ddc34392cbeb811f32b63d44b63727c05b7849a62072c39d9c259cc444e3	6766	md	semantic_text_candidate	agent-06
06-prd05-prd06	docs_PRD06/graph-learning/posting-block-compression-mermaid.md	e16a26088b94be5511f20b5e082b04b08f2ab2b26aca6e30eb0632447d5cd195	7917	md	semantic_text_candidate	agent-06
06-prd05-prd06	docs_PRD06/graph-learning/product-quantization-ladder-ascii.md	2e1cff83f5695b64505c1dc04d9a7872f224b0cb05bbaf591b8b15d5fb6aea8f	6504	md	semantic_text_candidate	agent-06
06-prd05-prd06	docs_PRD06/graph-learning/product-quantization-ladder-mermaid.md	b3810808fc4ba89c2724499a89c6e77f94063b41be62c9dbea93684f2ff93cc5	7721	md	semantic_text_candidate	agent-06
06-prd05-prd06	docs_PRD06/graph-learning/proprietary-tools-landscape.md	0abc89d73da0c2d3b993c310cc49498452e9f7427db37be0084e98143493d74f	6866	md	semantic_text_candidate	agent-06
06-prd05-prd06	docs_PRD06/graph-learning/pull-operator-pipeline-ascii.md	1b5b52e53a5da417877d1c5b3634afdfa41b7d49e747ff1b518de8f12c8c56f8	7046	md	semantic_text_candidate	agent-06
06-prd05-prd06	docs_PRD06/graph-learning/pull-operator-pipeline-mermaid.md	336899e68576e5d0fde4b6a6805efd761b28db54ac7da8622e23fc38e8740d7c	7366	md	semantic_text_candidate	agent-06
06-prd05-prd06	docs_PRD06/graph-learning/record-chain-adjacency-ascii.md	caac0b3bed1bdb18a55dec33f0e8fd5b52817842e32823f7e48dcb372d1a8bf0	7909	md	semantic_text_candidate	agent-06
06-prd05-prd06	docs_PRD06/graph-learning/record-chain-adjacency-mermaid.md	8f031145fa5f6464a65865369e632509dddd05130d39ab858fbd651602e79982	8354	md	semantic_text_candidate	agent-06
06-prd05-prd06	docs_PRD06/graph-learning/research-papers-ledger.md	822b3124eb8036a9a0247ffef270e5c0eb9b966c14274887116beb9456234416	8198	md	semantic_text_candidate	agent-06
06-prd05-prd06	docs_PRD06/graph-learning/roaring-bitmap-idsets-ascii.md	59c7aa866af4664ae07a1fd0c5599072116f01f2252e7f6cbd707c2229519086	6930	md	semantic_text_candidate	agent-06
06-prd05-prd06	docs_PRD06/graph-learning/roaring-bitmap-idsets-mermaid.md	9dcca37aff571e23c45cb41303d17f1f3ac72d706f65d26d0888b36974db99b0	6729	md	semantic_text_candidate	agent-06
06-prd05-prd06	docs_PRD06/graph-learning/semiring-matrix-traversal-ascii.md	d3946c2fa25fabb548435a08585b90b13d92d68970843ee806aea23cb5fb3756	7997	md	semantic_text_candidate	agent-06
06-prd05-prd06	docs_PRD06/graph-learning/semiring-matrix-traversal-mermaid.md	ef1fb3e2088ccb7445bca0a16911f33fb14bf20b8125368248213636612f48e1	7986	md	semantic_text_candidate	agent-06
06-prd05-prd06	docs_PRD06/graph-learning/storage-engine-pattern-synthesis-ascii.md	b6d42dd53b22a536d28380d5dd5fb0abaaea0dc9856302c578aab36874fc11ea	8190	md	semantic_text_candidate	agent-06
06-prd05-prd06	docs_PRD06/graph-learning/storage-engine-pattern-synthesis-mermaid.md	880126ed01e3e71546211ad6a396a5fe05cf9851cd750ab3d84137c738885ce8	7878	md	semantic_text_candidate	agent-06
06-prd05-prd06	docs_PRD06/graph-learning/stub-script-conformance-ascii.md	f77f2940499329fa14481dcd3d7cf31ceba3094d0fc38d5f6cc8423afa11d4a2	6943	md	semantic_text_candidate	agent-06
06-prd05-prd06	docs_PRD06/graph-learning/stub-script-conformance-mermaid.md	c88b5ef08a211be9922bdcab972170969bc1f296d7a4338593d6ff66f22f31a1	7288	md	semantic_text_candidate	agent-06
06-prd05-prd06	docs_PRD06/graph-learning/superstep-message-convergence-ascii.md	09d6a164b34656d987a7196a7f10419e5f85c02e0d60435b1e5d92aaa4508812	7404	md	semantic_text_candidate	agent-06
06-prd05-prd06	docs_PRD06/graph-learning/superstep-message-convergence-mermaid.md	dd22a3ac944e8d85c4a16cf06bbb448c500f0d41a1491c181f6ff15405fc515a	7683	md	semantic_text_candidate	agent-06
06-prd05-prd06	docs_PRD06/graph-learning/tolerant-equivalence-validation-ascii.md	d190330ae5b9b7fb2eb2f9767841bf7dcf328b14a2afd4a42991ceb84a2dd341	7905	md	semantic_text_candidate	agent-06
06-prd05-prd06	docs_PRD06/graph-learning/tolerant-equivalence-validation-mermaid.md	617784da838e1f321284ea59a047cc819eeea70673ebe0531903f6fc2a7683a4	8306	md	semantic_text_candidate	agent-06
06-prd05-prd06	docs_PRD06/graph-learning/triple-permutation-indexing-ascii.md	66979b02b8b71637fe5f31cc0828bd342c9b7fff2380562c01ffe6d38707293a	6417	md	semantic_text_candidate	agent-06
06-prd05-prd06	docs_PRD06/graph-learning/triple-permutation-indexing-mermaid.md	64f6fb31b47363c364560623a7f71af13a7dc2fd8bc6a13f2e4c450770576120	7579	md	semantic_text_candidate	agent-06
06-prd05-prd06	docs_PRD06/graph-learning/vector-ann-pattern-synthesis-ascii.md	83813dd9df5b7539e66f2de99ad2b03d2a1efef50d24ee364df7c273f0fb7f84	7080	md	semantic_text_candidate	agent-06
06-prd05-prd06	docs_PRD06/graph-learning/vector-ann-pattern-synthesis-mermaid.md	4e068a244ca6dd5b2662a0cd781dd0192f69b0a37c7645d090545bd912c9a509	7781	md	semantic_text_candidate	agent-06
06-prd05-prd06	docs_PRD06/graph-learning/verify-corpus-spec.sh	5d485109dac0b4be0b0d088120a7714baf246ccdf248c4452a5b4c7e28e52038	4227	sh	source_script_candidate	agent-06
06-prd05-prd06	docs_PRD06/graph-learning/wal-group-commit-ascii.md	fef546d91ae5710b3c6b61629dedf97f5534a852421d6d1b35883d3e699d454e	7234	md	semantic_text_candidate	agent-06
06-prd05-prd06	docs_PRD06/graph-learning/wal-group-commit-mermaid.md	dd8be453c0315b0afc59c1533f7e5068fad599918abc4be0cf4bbd1a0f53db25	5796	md	semantic_text_candidate	agent-06
