request_id	goal_id	queue_rank	paper_id	source_service	retrieval_uri	accessed_at_utc	response_status	media_type	content_length_bytes	source_checksum	local_path	license_uri	license_state	acquisition_status	attempt_count	retry_events	rate_limit_events	policy_url	policy_checked_date	cache_status	trace_path	trace_checksum	parser_name	parser_version	parser_options	page_count	extracted_path	extracted_checksum	parse_status	terminal_reason
REQ-G04-0001	G04	1	PAPER-2511.07886	ARXIV	https://arxiv.org/pdf/2511.07886v1	2026-08-11T16:17:28Z	HTTP_200	application/pdf	750450	CA3F97983B29B92E3628741EAED91DD0329DA84742910905F977B219117D62EA	sources/papers/PAPER-2511.07886.pdf	NOT_DISCOVERED	LICENSE_UNKNOWN	ACQUIRED	1	NONE	RATE_LIMIT_COUNT=0	https://info.arxiv.org/help/api/tou.html	2026-08-11	MISS	cache/g04/traces/PAPER-2511.07886.json	C065A34B92F2564A5901C22350B5A7145C04C0A43D72F005ED8B813437C9D397	pypdf	6.14.2	layout;page-separator=LF-FF-LF	27	cache/g04/text/PAPER-2511.07886.txt	1C82504B3BC67CA197DFD97CC0DCBDFAF7B8561E1E492495C470A10866C0EE6A	PARSED	ACQUIRED_AND_PARSED
REQ-G04-0002	G04	2	PAPER-1905.04264	ARXIV	https://arxiv.org/pdf/1905.04264v2	2026-08-11T16:17:33Z	HTTP_200	application/pdf	905404	E1B50224235F964F5723FBCA3E25BBA6D96DFEEDD3EFCCCA4967C83B478512CF	sources/papers/PAPER-1905.04264.pdf	NOT_DISCOVERED	LICENSE_UNKNOWN	ACQUIRED	1	NONE	RATE_LIMIT_COUNT=0	https://info.arxiv.org/help/api/tou.html	2026-08-11	MISS	cache/g04/traces/PAPER-1905.04264.json	89FAFE2B26E018FFA3F37CC27470CE9170CCD4C178058F989C513BF8A387B2B2	pypdf	6.14.2	layout;page-separator=LF-FF-LF	13	cache/g04/text/PAPER-1905.04264.txt	D46384F46A46D6F6984889DCFD228127D7220F04C57E8520FCEB1AF3D3C01044	PARSED	ACQUIRED_AND_PARSED
REQ-G04-0003	G04	3	PAPER-2507.12925	ARXIV	https://arxiv.org/pdf/2507.12925v1	2026-08-11T16:17:37Z	HTTP_200	application/pdf	869187	7A528A9BA416B90344037759158C82DC21FF436499837E0493C80541F1077BC3	sources/papers/PAPER-2507.12925.pdf	NOT_DISCOVERED	LICENSE_UNKNOWN	ACQUIRED	1	NONE	RATE_LIMIT_COUNT=0	https://info.arxiv.org/help/api/tou.html	2026-08-11	MISS	cache/g04/traces/PAPER-2507.12925.json	4B874A8DF4834D68B5D4C769074570A4CD9867BFF4D8DD4A94E555166264CC92	pypdf	6.14.2	layout;page-separator=LF-FF-LF	22	cache/g04/text/PAPER-2507.12925.txt	38E32B9A0DCC2A6DAEBD3A6F4569F0C11FBDE6EAC782CF01A3857314E42DF25E	PARSED	ACQUIRED_AND_PARSED
REQ-G04-0004	G04	4	PAPER-2010.09913	ARXIV	https://arxiv.org/pdf/2010.09913v2	2026-08-11T16:17:42Z	HTTP_200	application/pdf	948727	70FEFAFDA2CB5C72852781D285F5F9A9701945C7B9CC1675F930DE6C1EDC22CF	sources/papers/PAPER-2010.09913.pdf	NOT_DISCOVERED	LICENSE_UNKNOWN	ACQUIRED	1	NONE	RATE_LIMIT_COUNT=0	https://info.arxiv.org/help/api/tou.html	2026-08-11	MISS	cache/g04/traces/PAPER-2010.09913.json	90986EC834AE9B34AAEB746C5DB00EA06C686EAFAB7ADAFBB3FB4E4D130B909D	pypdf	6.14.2	layout;page-separator=LF-FF-LF	14	cache/g04/text/PAPER-2010.09913.txt	8846B56DD2E62779263DCDB91A2B3396B7085965C1DBEF051676CAB95CFAE46E	PARSED	ACQUIRED_AND_PARSED
REQ-G04-0005	G04	5	PAPER-1709.07122	ARXIV	https://arxiv.org/pdf/1709.07122v4	2026-08-11T16:17:47Z	HTTP_200	application/pdf	3740560	6B322B3559890C5B629DA422C925BB9D9DAAE73FEE609A198B9FCC4F021F8005	sources/papers/PAPER-1709.07122.pdf	NOT_DISCOVERED	LICENSE_UNKNOWN	ACQUIRED	1	NONE	RATE_LIMIT_COUNT=0	https://info.arxiv.org/help/api/tou.html	2026-08-11	MISS	cache/g04/traces/PAPER-1709.07122.json	DDC22F056EDCD33795DAC70A826D203D8934F0F5834070886FE3D8D64EBBA544	pypdf	6.14.2	layout;page-separator=LF-FF-LF	15	cache/g04/text/PAPER-1709.07122.txt	F341B2E76C62A54E3F6585D950D94D5F6CEB6A89A316E12D54B192254D78654D	PARSED	ACQUIRED_AND_PARSED
REQ-G04-0006	G04	6	PAPER-1602.02864	ARXIV	https://arxiv.org/pdf/1602.02864v3	2026-08-11T16:17:53Z	HTTP_200	application/pdf	857094	ED8A6EA79FD9BB9EDA965C7D68C9FD07500B2A9082A9794AF299B92BA257AF38	sources/papers/PAPER-1602.02864.pdf	NOT_DISCOVERED	LICENSE_UNKNOWN	ACQUIRED	1	NONE	RATE_LIMIT_COUNT=0	https://info.arxiv.org/help/api/tou.html	2026-08-11	MISS	cache/g04/traces/PAPER-1602.02864.json	05534F0828A4D064A3E65339D9CFEEF7DA3E8C438CF314C335F572E764AB8D20	pypdf	6.14.2	layout;page-separator=LF-FF-LF	14	cache/g04/text/PAPER-1602.02864.txt	69A3D7802F438C44D0831FD657077AF718FE0B833D2BE49D0E07B9368476B90A	PARSED	ACQUIRED_AND_PARSED
REQ-G04-0007	G04	7	PAPER-1812.10950	ARXIV	https://arxiv.org/pdf/1812.10950v2	2026-08-11T16:17:58Z	HTTP_200	application/pdf	205461	DCC7B98FD5D97390BB21501D1076809E109BFD8577333C54A68B7191D5E1FB7A	sources/papers/PAPER-1812.10950.pdf	NOT_DISCOVERED	LICENSE_UNKNOWN	ACQUIRED	1	NONE	RATE_LIMIT_COUNT=0	https://info.arxiv.org/help/api/tou.html	2026-08-11	MISS	cache/g04/traces/PAPER-1812.10950.json	756BC7C6E0B4661DE8DEB982CF56390E8C3F0642D82646DA0A920D82E601D33D	pypdf	6.14.2	layout;page-separator=LF-FF-LF	13	cache/g04/text/PAPER-1812.10950.txt	7E4AD17348CD2FBB74516EA1C7313595DAEDAA2FE45BC503C6B438AC37CBC256	PARSED	ACQUIRED_AND_PARSED
REQ-G04-0008	G04	8	PAPER-2404.16267	ARXIV	https://arxiv.org/pdf/2404.16267v2	2026-08-11T16:18:03Z	HTTP_200	application/pdf	332732	7E6B92BB0B3147A8709DB8172AF8342E0DA0D515B5861C2F0468BE52C4DB3A6C	sources/papers/PAPER-2404.16267.pdf	NOT_DISCOVERED	LICENSE_UNKNOWN	ACQUIRED	1	NONE	RATE_LIMIT_COUNT=0	https://info.arxiv.org/help/api/tou.html	2026-08-11	MISS	cache/g04/traces/PAPER-2404.16267.json	82726D9C6DC813B14DA8023AC4839E706F93367A852AC6BE03E510C0F661478F	pypdf	6.14.2	layout;page-separator=LF-FF-LF	19	cache/g04/text/PAPER-2404.16267.txt	4884836CB368DF3F27DC73C8B69F343722E72A1DE3391305C16C498E664861F7	PARSED	ACQUIRED_AND_PARSED
REQ-G04-0009	G04	9	PAPER-2602.21514	ARXIV	https://arxiv.org/pdf/2602.21514v2	2026-08-11T16:18:09Z	HTTP_200	application/pdf	3563444	4421334C1036E80CB06A1B1A6162E4C80F708E1B7467CD8928A05255DB26F465	sources/papers/PAPER-2602.21514.pdf	NOT_DISCOVERED	LICENSE_UNKNOWN	ACQUIRED	1	NONE	RATE_LIMIT_COUNT=0	https://info.arxiv.org/help/api/tou.html	2026-08-11	MISS	cache/g04/traces/PAPER-2602.21514.json	231E2E1AC2EAC81E4C5F30B7437735D38EC6B7BE8F1F926424F8266808195D93	pypdf	6.14.2	layout;page-separator=LF-FF-LF	15	cache/g04/text/PAPER-2602.21514.txt	2339025960D83A2A3DA39B2C3D12B602E93890F0B99D283841A212D27D97DF90	PARSED	ACQUIRED_AND_PARSED
REQ-G04-0010	G04	10	PAPER-2603.01779	ARXIV	https://arxiv.org/pdf/2603.01779v1	2026-08-11T16:18:15Z	HTTP_200	application/pdf	2498002	EE8A095D9B58F06C41C93AD87FAC2CA2511596E9C74C86D7E28F5EF7366835F5	sources/papers/PAPER-2603.01779.pdf	NOT_DISCOVERED	LICENSE_UNKNOWN	ACQUIRED	1	NONE	RATE_LIMIT_COUNT=0	https://info.arxiv.org/help/api/tou.html	2026-08-11	MISS	cache/g04/traces/PAPER-2603.01779.json	396D65703E05206EEC52B130E47627119A11F624243E55E5BB06EC6C1A60C00B	pypdf	6.14.2	layout;page-separator=LF-FF-LF	13	cache/g04/text/PAPER-2603.01779.txt	8832185B1BD162CA4E190E929917B5EBB96329C9EC716542C62F8FEF4D61B22F	PARSED	ACQUIRED_AND_PARSED
REQ-G04-0011	G04	11	PAPER-2605.02171	ARXIV	https://arxiv.org/pdf/2605.02171v3	2026-08-11T16:18:21Z	HTTP_200	application/pdf	730330	767D41D09D8F11F6F0A8DCF0B6EB85238C35657525BF1FC62D1172DB82BB3ADB	sources/papers/PAPER-2605.02171.pdf	NOT_DISCOVERED	LICENSE_UNKNOWN	ACQUIRED	1	NONE	RATE_LIMIT_COUNT=0	https://info.arxiv.org/help/api/tou.html	2026-08-11	MISS	cache/g04/traces/PAPER-2605.02171.json	C493BDAD65D72A14A75F135FDE8B1960098805DFDADCF6E2761B1D6B1E311ED5	pypdf	6.14.2	layout;page-separator=LF-FF-LF	13	cache/g04/text/PAPER-2605.02171.txt	CA6C0F6A4F190B6D7849FD0744035F06664F1677EDFA2D340D9F1CFEB817EC80	PARSED	ACQUIRED_AND_PARSED
REQ-G04-0012	G04	12	PAPER-2112.00098	ARXIV	https://arxiv.org/pdf/2112.00098v1	2026-08-11T16:18:26Z	HTTP_200	application/pdf	1157859	9EC995D597C94E687F3A445DD22351B30BC5AC1CFA3983E1C42846A2C0AD0060	sources/papers/PAPER-2112.00098.pdf	NOT_DISCOVERED	LICENSE_UNKNOWN	ACQUIRED	1	NONE	RATE_LIMIT_COUNT=0	https://info.arxiv.org/help/api/tou.html	2026-08-11	MISS	cache/g04/traces/PAPER-2112.00098.json	D470DB31A833E4E5F6C319257E5400D8336929AC167ED9542272E38BCF712DA8	pypdf	6.14.2	layout;page-separator=LF-FF-LF	23	cache/g04/text/PAPER-2112.00098.txt	9FEA74F2630AF564A510EC2D1C7D29BFB57CFD736DE1CD648E1E07EE1328F4E1	PARSED	ACQUIRED_AND_PARSED
REQ-G04-0013	G04	13	PAPER-0708.4284	ARXIV	https://arxiv.org/pdf/0708.4284v1	2026-08-11T16:18:32Z	HTTP_200	application/pdf	155907	D1FF333DAD890D00D18213C3EC913469E6975C4DFF480AC3040E0099CE17DAAF	sources/papers/PAPER-0708.4284.pdf	NOT_DISCOVERED	LICENSE_UNKNOWN	ACQUIRED	1	NONE	RATE_LIMIT_COUNT=0	https://info.arxiv.org/help/api/tou.html	2026-08-11	MISS	cache/g04/traces/PAPER-0708.4284.json	E69F3BD58DFDE2C53A90153D234986A6858524F983654A7496819D3810527D34	pypdf	6.14.2	layout;page-separator=LF-FF-LF	8	cache/g04/text/PAPER-0708.4284.txt	AF684799D7B4147D74B9C78DB94ABDF0CC8C10CFAB0145EA5B646D62C57BCEA9	PARSED	ACQUIRED_AND_PARSED
REQ-G04-0014	G04	14	PAPER-1810.08473	ARXIV	https://arxiv.org/pdf/1810.08473v3	2026-08-11T16:18:37Z	HTTP_200	application/pdf	913635	49D6A4D5092F68EF7A43FABB1975364A114EC76D21D2EF9CE738007F003EE58A	sources/papers/PAPER-1810.08473.pdf	NOT_DISCOVERED	LICENSE_UNKNOWN	ACQUIRED	1	NONE	RATE_LIMIT_COUNT=0	https://info.arxiv.org/help/api/tou.html	2026-08-11	MISS	cache/g04/traces/PAPER-1810.08473.json	9662A95CCCA0D4CC98CDE1573E7F608C211C8A420B1DB8BF0D5CAF6281C7AAB2	pypdf	6.14.2	layout;page-separator=LF-FF-LF	25	cache/g04/text/PAPER-1810.08473.txt	308259FE2AFE67ED0C0F988F766C89290C2CD02BB945DBC84C2090AD893664A4	PARSED	ACQUIRED_AND_PARSED
REQ-G04-0015	G04	15	PAPER-1304.4453	ARXIV	https://arxiv.org/pdf/1304.4453v4	2026-08-11T16:18:44Z	HTTP_200	application/pdf	2945974	D6BA79210DCDB622BFDCEB2BC12DBF667003C005079FEDCBD48B1B59300A1831	sources/papers/PAPER-1304.4453.pdf	NOT_DISCOVERED	LICENSE_UNKNOWN	ACQUIRED	1	NONE	RATE_LIMIT_COUNT=0	https://info.arxiv.org/help/api/tou.html	2026-08-11	MISS	cache/g04/traces/PAPER-1304.4453.json	C57F7AB98B6D1C7D6EAAC9D25AA71EA0F85DAE7F72E01D31BDC1B055AB2521FC	pypdf	6.14.2	layout;page-separator=LF-FF-LF	16	cache/g04/text/PAPER-1304.4453.txt	E988A8CED4FA2AE761A0B7474A7401CF247AE426DDF80CBA8D89C961C136F5D1	PARSED	ACQUIRED_AND_PARSED
REQ-G04-0016	G04	16	PAPER-1407.6755	ARXIV	https://arxiv.org/pdf/1407.6755v2	2026-08-11T16:18:51Z	HTTP_200	application/pdf	216228	CA9D0D4EA4DFF40D09738AF8F98D130B865122FC43BD5CEE76C6F04A4CFAFED4	sources/papers/PAPER-1407.6755.pdf	NOT_DISCOVERED	LICENSE_UNKNOWN	ACQUIRED	1	NONE	RATE_LIMIT_COUNT=0	https://info.arxiv.org/help/api/tou.html	2026-08-11	MISS	cache/g04/traces/PAPER-1407.6755.json	A37FACB3D226A7E1DEAA01A0AA36FA52C1F237577C7677E6872943CBFAC20925	pypdf	6.14.2	layout;page-separator=LF-FF-LF	14	cache/g04/text/PAPER-1407.6755.txt	CEFDBCF3BBE4B6F7424738EA5A5F838B512383F9AD648B15C032C0DE5A85E59E	PARSED	ACQUIRED_AND_PARSED
REQ-G04-0017	G04	17	PAPER-1708.07271	ARXIV	https://arxiv.org/pdf/1708.07271v3	2026-08-11T16:18:56Z	HTTP_200	application/pdf	128302	D2D87DF98BF9D9923BF1D9A3C4BB9DA6A5CA5791184AA748B00E238487BD9329	sources/papers/PAPER-1708.07271.pdf	NOT_DISCOVERED	LICENSE_UNKNOWN	ACQUIRED	1	NONE	RATE_LIMIT_COUNT=0	https://info.arxiv.org/help/api/tou.html	2026-08-11	MISS	cache/g04/traces/PAPER-1708.07271.json	2D0D6EE359CB74CB1423ADE45FEEF0139E6C8D7D4A032FE1E73E3B0189D5B263	pypdf	6.14.2	layout;page-separator=LF-FF-LF	8	cache/g04/text/PAPER-1708.07271.txt	08A8625348FA379FC0594E1399C80FA617F1B1F1DE7DA78794B926CF7D5718E6	PARSED	ACQUIRED_AND_PARSED
REQ-G04-0018	G04	18	PAPER-2104.09616	ARXIV	https://arxiv.org/pdf/2104.09616v1	2026-08-11T16:19:00Z	HTTP_200	application/pdf	1940369	736E5BE5A21F11B34130411588E80DF27519CD35F49EC5A23B61D85F82753FCE	sources/papers/PAPER-2104.09616.pdf	NOT_DISCOVERED	LICENSE_UNKNOWN	ACQUIRED	1	NONE	RATE_LIMIT_COUNT=0	https://info.arxiv.org/help/api/tou.html	2026-08-11	MISS	cache/g04/traces/PAPER-2104.09616.json	F5C0A7FDAB23FB1F558872171C9F0B1A26638197DEEE70E239A8904AAC6917B1	pypdf	6.14.2	layout;page-separator=LF-FF-LF	6	cache/g04/text/PAPER-2104.09616.txt	84657FCF139CFFD41F6F0A0FC04D78C76290FE192E55EE9F2C16E3A7A08CCD62	PARSED	ACQUIRED_AND_PARSED
REQ-G04-0019	G04	19	PAPER-2012.10026	ARXIV	https://arxiv.org/pdf/2012.10026v1	2026-08-11T16:19:06Z	HTTP_200	application/pdf	1174434	1F1F68864D22BAFEE4DBAD9BCE818F1C5E95C584F4BA0EE0688DCCD2040848B7	sources/papers/PAPER-2012.10026.pdf	NOT_DISCOVERED	LICENSE_UNKNOWN	ACQUIRED	1	NONE	RATE_LIMIT_COUNT=0	https://info.arxiv.org/help/api/tou.html	2026-08-11	MISS	cache/g04/traces/PAPER-2012.10026.json	547F208BA4FB950EBF57557C3415B8B6F36A9729006E8938AF2271643746BCFF	pypdf	6.14.2	layout;page-separator=LF-FF-LF	11	cache/g04/text/PAPER-2012.10026.txt	EDC0AD64097E8772AFCF598E32D1F3970AD0E18B25242B04812EDF1FD0CC6851	PARSED	ACQUIRED_AND_PARSED
REQ-G04-0020	G04	20	PAPER-2503.00430	ARXIV	https://arxiv.org/pdf/2503.00430v1	2026-08-11T16:19:10Z	HTTP_200	application/pdf	693744	9BE08458A64F2464B91DCBCD4ABBB4808B7513125B10A5E98ABAA35C73C1DD92	sources/papers/PAPER-2503.00430.pdf	NOT_DISCOVERED	LICENSE_UNKNOWN	ACQUIRED	1	NONE	RATE_LIMIT_COUNT=0	https://info.arxiv.org/help/api/tou.html	2026-08-11	MISS	cache/g04/traces/PAPER-2503.00430.json	E1E9EEC5A760A464AE0F48217F910A648FC6B439A0EFCEA03D904312184E5D35	pypdf	6.14.2	layout;page-separator=LF-FF-LF	5	cache/g04/text/PAPER-2503.00430.txt	44DC8EDCC61BAC2F0777E90136BCE96D1715B74FD1E1C275276E254DEF5477C3	PARSED	ACQUIRED_AND_PARSED
REQ-G04-0021	G04	21	PAPER-2305.11053	ARXIV	https://arxiv.org/pdf/2305.11053v1	2026-08-11T16:19:14Z	HTTP_200	application/pdf	565360	3EF100BBD9791AE39749FEA4CB95F0F8CF2EF9FFBDE569C4367DD81DC5DF3D8E	sources/papers/PAPER-2305.11053.pdf	NOT_DISCOVERED	LICENSE_UNKNOWN	ACQUIRED	1	NONE	RATE_LIMIT_COUNT=0	https://info.arxiv.org/help/api/tou.html	2026-08-11	MISS	cache/g04/traces/PAPER-2305.11053.json	BA6B4FFC1BF8C0AE55780AF7D109E5712E025658A3B13C08EE66D347ED9E432D	pypdf	6.14.2	layout;page-separator=LF-FF-LF	42	cache/g04/text/PAPER-2305.11053.txt	C5384FA27A9C8A15E5C22D048388CA79AAC80A229D2A43A5E416193B9ACEA68D	PARSED	ACQUIRED_AND_PARSED
REQ-G04-0022	G04	22	PAPER-2204.11137	ARXIV	https://arxiv.org/pdf/2204.11137v3	2026-08-11T16:19:22Z	HTTP_200	application/pdf	741872	DC9AB8C66CAC15BBBC11ECD180E89D0833AB2701A36FD69E6E6174D4F041A1C5	sources/papers/PAPER-2204.11137.pdf	NOT_DISCOVERED	LICENSE_UNKNOWN	ACQUIRED	1	NONE	RATE_LIMIT_COUNT=0	https://info.arxiv.org/help/api/tou.html	2026-08-11	MISS	cache/g04/traces/PAPER-2204.11137.json	00E2545CC3BF24212C1AA1D0F42E3C011193468C306AF8FDED1DEF36B52B6159	pypdf	6.14.2	layout;page-separator=LF-FF-LF	14	cache/g04/text/PAPER-2204.11137.txt	6DA13D2C497DD4B96CA898EA3B8046D2589A59D00969320134AF8A8C8C3D3104	PARSED	ACQUIRED_AND_PARSED
REQ-G04-0023	G04	23	PAPER-2412.07729	ARXIV	https://arxiv.org/pdf/2412.07729v2	2026-08-11T16:19:26Z	HTTP_200	application/pdf	366746	FEDB9F377461EAFEDB804AA2A364F630090C3496EF13DF3082F18482EB13A178	sources/papers/PAPER-2412.07729.pdf	NOT_DISCOVERED	LICENSE_UNKNOWN	ACQUIRED	1	NONE	RATE_LIMIT_COUNT=0	https://info.arxiv.org/help/api/tou.html	2026-08-11	MISS	cache/g04/traces/PAPER-2412.07729.json	9E67C192D21D3C02D11CC743997CF373D1AE70FA2C44167E6279925F6CBCA991	pypdf	6.14.2	layout;page-separator=LF-FF-LF	20	cache/g04/text/PAPER-2412.07729.txt	EE6526A39909591C1889173987C96E8543385ED35059BDEC038AD3E56FE0BB5F	PARSED	ACQUIRED_AND_PARSED
REQ-G04-0024	G04	24	PAPER-1603.01876	ARXIV	https://arxiv.org/pdf/1603.01876v2	2026-08-11T16:19:34Z	HTTP_200	application/pdf	511263	38B613235BA8CAD8BBB1CCEC5D5155F8E57656A8405F5AF1FB19808AD77B8AE0	sources/papers/PAPER-1603.01876.pdf	NOT_DISCOVERED	LICENSE_UNKNOWN	ACQUIRED	1	NONE	RATE_LIMIT_COUNT=0	https://info.arxiv.org/help/api/tou.html	2026-08-11	MISS	cache/g04/traces/PAPER-1603.01876.json	79C90E246C52F6D6A275E3411905EC75DA9C23CD3A66D37369BEA62E207DC2FD	pypdf	6.14.2	layout;page-separator=LF-FF-LF	9	cache/g04/text/PAPER-1603.01876.txt	273D26DD9BD90EA3319471C51998B74687185B291F7F79FC85FAFEB2A000EB6B	PARSED	ACQUIRED_AND_PARSED
REQ-G04-0025	G04	25	PAPER-2401.01019	ARXIV	https://arxiv.org/pdf/2401.01019v1	2026-08-11T16:19:39Z	HTTP_200	application/pdf	875000	25977E3C15A9D80EB30D67698FC6E1CC4DEACCDCF763C0FCBE3DE750784D4D87	sources/papers/PAPER-2401.01019.pdf	NOT_DISCOVERED	LICENSE_UNKNOWN	ACQUIRED	1	NONE	RATE_LIMIT_COUNT=0	https://info.arxiv.org/help/api/tou.html	2026-08-11	MISS	cache/g04/traces/PAPER-2401.01019.json	BBBA60C901F6D9D4AEBDD23C583C671F3BEB556314788B9393F8123B98782483	pypdf	6.14.2	layout;page-separator=LF-FF-LF	25	cache/g04/text/PAPER-2401.01019.txt	88F376694DA17C3B1B8A0C0C72C42200F14371D199B1E0772C97EBDD80ECA211	PARSED	ACQUIRED_AND_PARSED
REQ-G04-0026	G04	26	PAPER-HASH-9b43309b046b4742	NONE	NOT_AVAILABLE	NOT_REQUESTED	NOT_REQUESTED	NOT_AVAILABLE	0	NOT_AVAILABLE	NOT_ACQUIRED	NOT_DISCOVERED	LICENSE_UNAVAILABLE	UNAVAILABLE	0	NONE	NONE	NOT_APPLICABLE	2026-08-11	NOT_APPLICABLE	NOT_AVAILABLE	NOT_AVAILABLE	NOT_APPLICABLE	NOT_APPLICABLE	NOT_APPLICABLE	0	NOT_ACQUIRED	NOT_AVAILABLE	NOT_APPLICABLE	NO_ARXIV_OR_DOI_SOURCE_IDENTITY
REQ-G04-0027	G04	27	PAPER-HASH-2d35f96d423f4ddb	NONE	NOT_AVAILABLE	NOT_REQUESTED	NOT_REQUESTED	NOT_AVAILABLE	0	NOT_AVAILABLE	NOT_ACQUIRED	NOT_DISCOVERED	LICENSE_UNAVAILABLE	UNAVAILABLE	0	NONE	NONE	NOT_APPLICABLE	2026-08-11	NOT_APPLICABLE	NOT_AVAILABLE	NOT_AVAILABLE	NOT_APPLICABLE	NOT_APPLICABLE	NOT_APPLICABLE	0	NOT_ACQUIRED	NOT_AVAILABLE	NOT_APPLICABLE	NO_ARXIV_OR_DOI_SOURCE_IDENTITY
REQ-G04-0028	G04	28	PAPER-HASH-45105a9c93fc6719	NONE	NOT_AVAILABLE	NOT_REQUESTED	NOT_REQUESTED	NOT_AVAILABLE	0	NOT_AVAILABLE	NOT_ACQUIRED	NOT_DISCOVERED	LICENSE_UNAVAILABLE	UNAVAILABLE	0	NONE	NONE	NOT_APPLICABLE	2026-08-11	NOT_APPLICABLE	NOT_AVAILABLE	NOT_AVAILABLE	NOT_APPLICABLE	NOT_APPLICABLE	NOT_APPLICABLE	0	NOT_ACQUIRED	NOT_AVAILABLE	NOT_APPLICABLE	NO_ACCEPTABLE_DIRECT_PUBLISHER_SOURCE
REQ-G04-0029	G04	29	PAPER-HASH-ecaa8a2220cf17a9	NONE	NOT_AVAILABLE	NOT_REQUESTED	NOT_REQUESTED	NOT_AVAILABLE	0	NOT_AVAILABLE	NOT_ACQUIRED	NOT_DISCOVERED	LICENSE_UNAVAILABLE	UNAVAILABLE	0	NONE	NONE	NOT_APPLICABLE	2026-08-11	NOT_APPLICABLE	NOT_AVAILABLE	NOT_AVAILABLE	NOT_APPLICABLE	NOT_APPLICABLE	NOT_APPLICABLE	0	NOT_ACQUIRED	NOT_AVAILABLE	NOT_APPLICABLE	NO_ACCEPTABLE_DIRECT_PUBLISHER_SOURCE
REQ-G04-0030	G04	30	PAPER-1011.5425	ARXIV	https://arxiv.org/pdf/1011.5425v2	2026-08-11T16:19:43Z	HTTP_200	application/pdf	434086	D22DC46362D7C94320ABDDEAB399515D3C9E152B5AE735132364565C697F55DD	sources/papers/PAPER-1011.5425.pdf	NOT_DISCOVERED	LICENSE_UNKNOWN	ACQUIRED	1	NONE	RATE_LIMIT_COUNT=0	https://info.arxiv.org/help/api/tou.html	2026-08-11	MISS	cache/g04/traces/PAPER-1011.5425.json	F3B6C4D32A432F23BF8075418EAE5A423C06947994CC502FF0EBBDD3D9A3C7BC	pypdf	6.14.2	layout;page-separator=LF-FF-LF	13	cache/g04/text/PAPER-1011.5425.txt	B4ACF2B2A98B4396A4683B51B4FE40FE5921E5F24D59A5453AFF041A3C7D0A80	PARSED	ACQUIRED_AND_PARSED
REQ-G04-0031	G04	31	PAPER-HASH-6ff704db6b1236c3	NONE	NOT_AVAILABLE	NOT_REQUESTED	NOT_REQUESTED	NOT_AVAILABLE	0	NOT_AVAILABLE	NOT_ACQUIRED	NOT_DISCOVERED	LICENSE_UNAVAILABLE	UNAVAILABLE	0	NONE	NONE	NOT_APPLICABLE	2026-08-11	NOT_APPLICABLE	NOT_AVAILABLE	NOT_AVAILABLE	NOT_APPLICABLE	NOT_APPLICABLE	NOT_APPLICABLE	0	NOT_ACQUIRED	NOT_AVAILABLE	NOT_APPLICABLE	NO_ACCEPTABLE_DIRECT_PUBLISHER_SOURCE
REQ-G04-0032	G04	32	PAPER-HASH-c2a6a5317d82ac28	PUBLISHER	https://www.internetmathematicsjournal.com/article/1456.pdf	2026-08-11T16:19:48Z	HTTP_200	application/pdf	253177	BAA22C36BF3BEA07A296D156BA4096445BF6F618B1BE87D29111313833310350	sources/papers/PAPER-HASH-c2a6a5317d82ac28.pdf	NOT_DISCOVERED	LICENSE_UNKNOWN	ACQUIRED	1	NONE	RATE_LIMIT_COUNT=0	SOURCE_SPECIFIC_PUBLIC_ENDPOINT	2026-08-11	MISS	cache/g04/traces/PAPER-HASH-c2a6a5317d82ac28.json	5263D455934D60B725C24F37E81F1DA50C87FC4F21684B2B055E795A35427080	pypdf	6.14.2	layout;page-separator=LF-FF-LF	23	cache/g04/text/PAPER-HASH-c2a6a5317d82ac28.txt	2947CFE57FD93037122C441CF9AED78F32966EB0DEE7D94A7E79EED7F306F180	PARSED	ACQUIRED_AND_PARSED
REQ-G04-0033	G04	33	PAPER-HASH-ea7c06fc2ff131a9	NONE	NOT_AVAILABLE	NOT_REQUESTED	NOT_REQUESTED	NOT_AVAILABLE	0	NOT_AVAILABLE	NOT_ACQUIRED	NOT_DISCOVERED	LICENSE_UNAVAILABLE	UNAVAILABLE	0	NONE	NONE	NOT_APPLICABLE	2026-08-11	NOT_APPLICABLE	NOT_AVAILABLE	NOT_AVAILABLE	NOT_APPLICABLE	NOT_APPLICABLE	NOT_APPLICABLE	0	NOT_ACQUIRED	NOT_AVAILABLE	NOT_APPLICABLE	NO_ACCEPTABLE_DIRECT_PUBLISHER_SOURCE
REQ-G04-0034	G04	34	PAPER-HASH-798485e57ea536c2	NONE	NOT_AVAILABLE	NOT_REQUESTED	NOT_REQUESTED	NOT_AVAILABLE	0	NOT_AVAILABLE	NOT_ACQUIRED	NOT_DISCOVERED	LICENSE_UNAVAILABLE	UNAVAILABLE	0	NONE	NONE	NOT_APPLICABLE	2026-08-11	NOT_APPLICABLE	NOT_AVAILABLE	NOT_AVAILABLE	NOT_APPLICABLE	NOT_APPLICABLE	NOT_APPLICABLE	0	NOT_ACQUIRED	NOT_AVAILABLE	NOT_APPLICABLE	NO_ACCEPTABLE_DIRECT_PUBLISHER_SOURCE
REQ-G04-0035	G04	35	PAPER-HASH-0c6610e30e77c3b7	NONE	NOT_AVAILABLE	NOT_REQUESTED	NOT_REQUESTED	NOT_AVAILABLE	0	NOT_AVAILABLE	NOT_ACQUIRED	NOT_DISCOVERED	LICENSE_UNAVAILABLE	UNAVAILABLE	0	NONE	NONE	NOT_APPLICABLE	2026-08-11	NOT_APPLICABLE	NOT_AVAILABLE	NOT_AVAILABLE	NOT_APPLICABLE	NOT_APPLICABLE	NOT_APPLICABLE	0	NOT_ACQUIRED	NOT_AVAILABLE	NOT_APPLICABLE	NO_ACCEPTABLE_DIRECT_PUBLISHER_SOURCE
REQ-G04-0036	G04	36	PAPER-HASH-a86a6676a8be12e6	NONE	NOT_AVAILABLE	NOT_REQUESTED	NOT_REQUESTED	NOT_AVAILABLE	0	NOT_AVAILABLE	NOT_ACQUIRED	NOT_DISCOVERED	LICENSE_UNAVAILABLE	UNAVAILABLE	0	NONE	NONE	NOT_APPLICABLE	2026-08-11	NOT_APPLICABLE	NOT_AVAILABLE	NOT_AVAILABLE	NOT_APPLICABLE	NOT_APPLICABLE	NOT_APPLICABLE	0	NOT_ACQUIRED	NOT_AVAILABLE	NOT_APPLICABLE	NO_ACCEPTABLE_DIRECT_PUBLISHER_SOURCE
REQ-G04-0037	G04	37	PAPER-0708.3259	ARXIV	https://arxiv.org/pdf/0708.3259v1	2026-08-11T16:19:54Z	HTTP_200	application/pdf	186777	DABD45DB70C919E5041997308612FA8B67EC74E69D315EF236A3B46E5B8ABDAB	sources/papers/PAPER-0708.3259.pdf	NOT_DISCOVERED	LICENSE_UNKNOWN	ACQUIRED	1	NONE	RATE_LIMIT_COUNT=0	https://info.arxiv.org/help/api/tou.html	2026-08-11	MISS	cache/g04/traces/PAPER-0708.3259.json	3B75D428C70F1BDFA55513424E2B24424BBCD01A35BC19C8C869E6AFF5045476	pypdf	6.14.2	layout;page-separator=LF-FF-LF	16	cache/g04/text/PAPER-0708.3259.txt	884D0C7D9FF0A9A2357C476BFEC2797E1CA6BF3A97306393E0222FB659DFB100	PARSED	ACQUIRED_AND_PARSED
REQ-G04-0038	G04	38	PAPER-HASH-22a322abb4cef920	NONE	NOT_AVAILABLE	NOT_REQUESTED	NOT_REQUESTED	NOT_AVAILABLE	0	NOT_AVAILABLE	NOT_ACQUIRED	NOT_DISCOVERED	LICENSE_UNAVAILABLE	UNAVAILABLE	0	NONE	NONE	NOT_APPLICABLE	2026-08-11	NOT_APPLICABLE	NOT_AVAILABLE	NOT_AVAILABLE	NOT_APPLICABLE	NOT_APPLICABLE	NOT_APPLICABLE	0	NOT_ACQUIRED	NOT_AVAILABLE	NOT_APPLICABLE	NO_ACCEPTABLE_DIRECT_PUBLISHER_SOURCE
REQ-G04-0039	G04	39	PAPER-HASH-b12240577b20eaad	PUBLISHER	https://link.springer.com/content/pdf/10.1007/s11227-026-08638-8.pdf	2026-08-11T16:20:00Z	HTTP_200	application/pdf	861451	33EFD1B1848031F7F6998B7A02DA71F3B0E8F94A667DF5E7B2153552293D5F69	sources/papers/PAPER-HASH-b12240577b20eaad.pdf	NOT_DISCOVERED	LICENSE_UNKNOWN	ACQUIRED	1	NONE	RATE_LIMIT_COUNT=0	SOURCE_SPECIFIC_PUBLIC_ENDPOINT	2026-08-11	MISS	cache/g04/traces/PAPER-HASH-b12240577b20eaad.json	507BFCFCABE79743CF76ECFE459AF71878BBF3B454CA315457AB425FBE0F66AA	pypdf	6.14.2	layout;page-separator=LF-FF-LF	22	cache/g04/text/PAPER-HASH-b12240577b20eaad.txt	37B83B672A3358EC23133B22C16CCBB15F6E81DFAED7DD436FE7369D3DF62644	PARSED	ACQUIRED_AND_PARSED
REQ-G04-0040	G04	40	PAPER-1806.08092	ARXIV	https://arxiv.org/pdf/1806.08092v3	2026-08-11T16:20:09Z	HTTP_200	application/pdf	1615401	394B92E82D271097270EFC642211C36D2C2A842EAADA08AAF05AE844B550DDBE	sources/papers/PAPER-1806.08092.pdf	NOT_DISCOVERED	LICENSE_UNKNOWN	ACQUIRED	1	NONE	RATE_LIMIT_COUNT=0	https://info.arxiv.org/help/api/tou.html	2026-08-11	MISS	cache/g04/traces/PAPER-1806.08092.json	74FFB57304A5715A72716D6637534980316F7DD27131B664FA5E5C6178BFB0A6	pypdf	6.14.2	layout;page-separator=LF-FF-LF	28	cache/g04/text/PAPER-1806.08092.txt	58FD02527BBBFE296D9B15DE163598EA4C2EE11B67047AA58AC07BDE3E839797	PARSED	ACQUIRED_AND_PARSED_WITH_METADATA_TITLE_VARIANT
REQ-G04-0041	G04	41	PAPER-2605.19335	ARXIV	https://arxiv.org/pdf/2605.19335v1	2026-08-11T16:20:13Z	HTTP_200	application/pdf	1012299	F8E8F212D0B1DD762AE678F50BB91F760B8599560C95401E0D6A4892BF05123F	sources/papers/PAPER-2605.19335.pdf	NOT_DISCOVERED	LICENSE_UNKNOWN	ACQUIRED	1	NONE	RATE_LIMIT_COUNT=0	https://info.arxiv.org/help/api/tou.html	2026-08-11	MISS	cache/g04/traces/PAPER-2605.19335.json	1A57457613C7473CE878195327E9DCCD4E9D7F9D8FFCFA4577C7318F45BABD92	pypdf	6.14.2	layout;page-separator=LF-FF-LF	15	cache/g04/text/PAPER-2605.19335.txt	5268563EDB142C415A93CF31689038A7C2DE90E79A1C2FFDFC9730282195CE62	PARSED	ACQUIRED_AND_PARSED
REQ-G04-0042	G04	42	PAPER-HASH-e1d33f3b1ccee67e	NONE	NOT_AVAILABLE	NOT_REQUESTED	NOT_REQUESTED	NOT_AVAILABLE	0	NOT_AVAILABLE	NOT_ACQUIRED	NOT_DISCOVERED	LICENSE_UNAVAILABLE	UNAVAILABLE	0	NONE	NONE	NOT_APPLICABLE	2026-08-11	NOT_APPLICABLE	NOT_AVAILABLE	NOT_AVAILABLE	NOT_APPLICABLE	NOT_APPLICABLE	NOT_APPLICABLE	0	NOT_ACQUIRED	NOT_AVAILABLE	NOT_APPLICABLE	NO_ACCEPTABLE_DIRECT_PUBLISHER_SOURCE
REQ-G04-0043	G04	43	PAPER-2605.17992	ARXIV	https://arxiv.org/pdf/2605.17992v1	2026-08-11T16:20:18Z	HTTP_200	application/pdf	1261875	20D3DD23731AA3BB2B42C977AFA67E762E13A907B21116DB500A753A61A59556	sources/papers/PAPER-2605.17992.pdf	NOT_DISCOVERED	LICENSE_UNKNOWN	ACQUIRED	1	NONE	RATE_LIMIT_COUNT=0	https://info.arxiv.org/help/api/tou.html	2026-08-11	MISS	cache/g04/traces/PAPER-2605.17992.json	335E7C2FCEB401E4EB4AEF81164FDD88B20C25A7CF1DE55BD6E6797492792A98	pypdf	6.14.2	layout;page-separator=LF-FF-LF	15	cache/g04/text/PAPER-2605.17992.txt	2474FAF686279493E7BBCC5D14B9C92CB5B8E454703FC4D480C567493D15CE6A	PARSED	ACQUIRED_AND_PARSED
REQ-G04-0044	G04	44	PAPER-HASH-5aa86bd99689667d	PUBLISHER	https://dl.acm.org/doi/pdf/10.1145/3564593	2026-08-11T16:20:23Z	HTTP_403	text/html; charset=UTF-8	5704	NOT_AVAILABLE	NOT_ACQUIRED	NOT_DISCOVERED	LICENSE_UNAVAILABLE	AUTHORIZATION_FAILED	1	NONE	RATE_LIMIT_COUNT=0	SOURCE_SPECIFIC_PUBLIC_ENDPOINT	2026-08-11	MISS	cache/g04/traces/PAPER-HASH-5aa86bd99689667d.json	151A3AC91FD03BADA14A0B033817BC4B0A306261725884A376D8996201632149	NOT_APPLICABLE	NOT_APPLICABLE	NOT_APPLICABLE	0	NOT_ACQUIRED	NOT_AVAILABLE	NOT_APPLICABLE	HTTP_403
REQ-G04-0045	G04	45	PAPER-HASH-d213ecfc1c303858	NONE	NOT_AVAILABLE	NOT_REQUESTED	NOT_REQUESTED	NOT_AVAILABLE	0	NOT_AVAILABLE	NOT_ACQUIRED	NOT_DISCOVERED	LICENSE_UNAVAILABLE	UNAVAILABLE	0	NONE	NONE	NOT_APPLICABLE	2026-08-11	NOT_APPLICABLE	NOT_AVAILABLE	NOT_AVAILABLE	NOT_APPLICABLE	NOT_APPLICABLE	NOT_APPLICABLE	0	NOT_ACQUIRED	NOT_AVAILABLE	NOT_APPLICABLE	NO_ACCEPTABLE_DIRECT_PUBLISHER_SOURCE
REQ-G04-0046	G04	46	PAPER-HASH-30d2a0e04327c2df	NONE	NOT_AVAILABLE	NOT_REQUESTED	NOT_REQUESTED	NOT_AVAILABLE	0	NOT_AVAILABLE	NOT_ACQUIRED	NOT_DISCOVERED	LICENSE_UNAVAILABLE	UNAVAILABLE	0	NONE	NONE	NOT_APPLICABLE	2026-08-11	NOT_APPLICABLE	NOT_AVAILABLE	NOT_AVAILABLE	NOT_APPLICABLE	NOT_APPLICABLE	NOT_APPLICABLE	0	NOT_ACQUIRED	NOT_AVAILABLE	NOT_APPLICABLE	NO_ACCEPTABLE_DIRECT_PUBLISHER_SOURCE
REQ-G04-0047	G04	47	PAPER-HASH-5657f8c3995227d1	NONE	NOT_AVAILABLE	NOT_REQUESTED	NOT_REQUESTED	NOT_AVAILABLE	0	NOT_AVAILABLE	NOT_ACQUIRED	NOT_DISCOVERED	LICENSE_UNAVAILABLE	UNAVAILABLE	0	NONE	NONE	NOT_APPLICABLE	2026-08-11	NOT_APPLICABLE	NOT_AVAILABLE	NOT_AVAILABLE	NOT_APPLICABLE	NOT_APPLICABLE	NOT_APPLICABLE	0	NOT_ACQUIRED	NOT_AVAILABLE	NOT_APPLICABLE	NO_ACCEPTABLE_DIRECT_PUBLISHER_SOURCE
REQ-G04-0048	G04	48	PAPER-HASH-586f7dee44fe35d8	NONE	NOT_AVAILABLE	NOT_REQUESTED	NOT_REQUESTED	NOT_AVAILABLE	0	NOT_AVAILABLE	NOT_ACQUIRED	NOT_DISCOVERED	LICENSE_UNAVAILABLE	UNAVAILABLE	0	NONE	NONE	NOT_APPLICABLE	2026-08-11	NOT_APPLICABLE	NOT_AVAILABLE	NOT_AVAILABLE	NOT_APPLICABLE	NOT_APPLICABLE	NOT_APPLICABLE	0	NOT_ACQUIRED	NOT_AVAILABLE	NOT_APPLICABLE	NO_ACCEPTABLE_DIRECT_PUBLISHER_SOURCE
REQ-G04-0049	G04	49	PAPER-HASH-0232e71ded2b5c43	PUBLISHER	https://www.internetmathematicsjournal.com/article/1401.pdf	2026-08-11T16:20:27Z	HTTP_200	application/pdf	315209	82B212F89CA91D7A0B2EE4B9A397EEAA83BA0FBD9BD49ACC099C81C19E9C886C	sources/papers/PAPER-HASH-0232e71ded2b5c43.pdf	NOT_DISCOVERED	LICENSE_UNKNOWN	ACQUIRED	1	NONE	RATE_LIMIT_COUNT=0	SOURCE_SPECIFIC_PUBLIC_ENDPOINT	2026-08-11	MISS	cache/g04/traces/PAPER-HASH-0232e71ded2b5c43.json	028E3697ACDC5B27334CDD5E2BFE1B589147739C9E12EC59EE2678DD7392237E	pypdf	6.14.2	layout;page-separator=LF-FF-LF	26	cache/g04/text/PAPER-HASH-0232e71ded2b5c43.txt	95DC3245BED2D799ACEC439EF0F6F2CC328C573A78A8ABE288215C3757A45CE7	PARSED	ACQUIRED_AND_PARSED
REQ-G04-0050	G04	50	PAPER-2101.12631	ARXIV	https://arxiv.org/pdf/2101.12631v2	2026-08-11T16:20:32Z	HTTP_200	application/pdf	2749609	D9A6F52D17107B182E567BAEDD3546F0D65BC5A01B547BA814EC7900B1E1C344	sources/papers/PAPER-2101.12631.pdf	NOT_DISCOVERED	LICENSE_UNKNOWN	ACQUIRED	1	NONE	RATE_LIMIT_COUNT=0	https://info.arxiv.org/help/api/tou.html	2026-08-11	MISS	cache/g04/traces/PAPER-2101.12631.json	BF7AD41D1172FC336D9484BA9CE8721554E43DABAA7ACB89E590E44DE0DA3C6B	pypdf	6.14.2	layout;page-separator=LF-FF-LF	28	cache/g04/text/PAPER-2101.12631.txt	3ECB30E987D7E12B9E810CE039550D62505CBC3DAF9450BCBFCCC7DFD6BA8AFE	PARSED	ACQUIRED_AND_PARSED
