repo_path	repo_name	assigned_file	inspection_level	codebase_memory_status	nodes	edges	files_discovered	elapsed_sec	cache_dir	log_path	project	error_summary	updated_at
/Users/amuldotexe/Desktop/personal-repos-lane/knight-bus-graph-walker/gitrefrepo/age-src	age-src	graph-database-patterns-2.md	canonical_file_mentioned	indexed	4106	11937	263	4.28	/tmp/codex-code-intel/codebase-memory/gitrefrepo-each-20260707/cache	/tmp/codex-code-intel/codebase-memory/gitrefrepo-each-20260707/logs/age-src.log	Users-amuldotexe-Desktop-personal-repos-lane-knight-bus-graph-walker-gitrefrepo-age-src		2026-07-07T01:28:09.508985+00:00
/Users/amuldotexe/Desktop/personal-repos-lane/knight-bus-graph-walker/gitrefrepo/antlr-grammars-v4-src	antlr-grammars-v4-src	graph-database-patterns-5.md	direct_source_cited	indexed	117244	337366	12756	30.34	/tmp/codex-code-intel/codebase-memory/gitrefrepo-each-20260707/cache	/tmp/codex-code-intel/codebase-memory/gitrefrepo-each-20260707/logs/antlr-grammars-v4-src.log	Users-amuldotexe-Desktop-personal-repos-lane-knight-bus-graph-walker-gitrefrepo-antlr-grammars-v4-src		2026-07-07T01:28:39.879214+00:00
/Users/amuldotexe/Desktop/personal-repos-lane/knight-bus-graph-walker/gitrefrepo/apache-arrow-ballista-src	apache-arrow-ballista-src	graph-database-patterns-3.md	canonical_file_mentioned	indexed	6464	24997	342	1.19	/tmp/codex-code-intel/codebase-memory/gitrefrepo-each-20260707/cache	/tmp/codex-code-intel/codebase-memory/gitrefrepo-each-20260707/logs/apache-arrow-ballista-src.log	Users-amuldotexe-Desktop-personal-repos-lane-knight-bus-graph-walker-gitrefrepo-apache-arrow-ballista-src		2026-07-07T01:28:56.854085+00:00
/Users/amuldotexe/Desktop/personal-repos-lane/knight-bus-graph-walker/gitrefrepo/apache-arrow-rs-src	apache-arrow-rs-src	graph-database-patterns-3.md	canonical_file_mentioned	indexed	25054	149404	766	9.46	/tmp/codex-code-intel/codebase-memory/gitrefrepo-each-20260707/cache	/tmp/codex-code-intel/codebase-memory/gitrefrepo-each-20260707/logs/apache-arrow-rs-src.log	Users-amuldotexe-Desktop-personal-repos-lane-knight-bus-graph-walker-gitrefrepo-apache-arrow-rs-src		2026-07-07T01:29:06.341951+00:00
/Users/amuldotexe/Desktop/personal-repos-lane/knight-bus-graph-walker/gitrefrepo/apache-arrow-src	apache-arrow-src	graph-database-patterns-3.md	canonical_file_mentioned	indexed	77122	313246	4434	56.73	/tmp/codex-code-intel/codebase-memory/gitrefrepo-each-20260707/cache	/tmp/codex-code-intel/codebase-memory/gitrefrepo-each-20260707/logs/apache-arrow-src.log	Users-amuldotexe-Desktop-personal-repos-lane-knight-bus-graph-walker-gitrefrepo-apache-arrow-src		2026-07-07T01:30:03.120606+00:00
/Users/amuldotexe/Desktop/personal-repos-lane/knight-bus-graph-walker/gitrefrepo/apache-datafusion-src	apache-datafusion-src	graph-database-patterns-3.md	canonical_file_mentioned	indexed	50350	272205	2410	16.06	/tmp/codex-code-intel/codebase-memory/gitrefrepo-each-20260707/cache	/tmp/codex-code-intel/codebase-memory/gitrefrepo-each-20260707/logs/apache-datafusion-src.log	Users-amuldotexe-Desktop-personal-repos-lane-knight-bus-graph-walker-gitrefrepo-apache-datafusion-src		2026-07-07T01:30:19.224062+00:00
/Users/amuldotexe/Desktop/personal-repos-lane/knight-bus-graph-walker/gitrefrepo/apache-hugegraph-src	apache-hugegraph-src	graph-database-patterns-2.md	canonical_file_mentioned	indexed	46830	226609	2035	13.92	/tmp/codex-code-intel/codebase-memory/gitrefrepo-each-20260707/cache	/tmp/codex-code-intel/codebase-memory/gitrefrepo-each-20260707/logs/apache-hugegraph-src.log	Users-amuldotexe-Desktop-personal-repos-lane-knight-bus-graph-walker-gitrefrepo-apache-hugegraph-src		2026-07-07T01:30:33.181956+00:00
/Users/amuldotexe/Desktop/personal-repos-lane/knight-bus-graph-walker/gitrefrepo/apache-iggy-src	apache-iggy-src	graph-database-patterns-3.md	canonical_file_mentioned	indexed	39223	170331	2990	8.24	/tmp/codex-code-intel/codebase-memory/gitrefrepo-each-20260707/cache	/tmp/codex-code-intel/codebase-memory/gitrefrepo-each-20260707/logs/apache-iggy-src.log	Users-amuldotexe-Desktop-personal-repos-lane-knight-bus-graph-walker-gitrefrepo-apache-iggy-src		2026-07-07T01:30:41.474200+00:00
/Users/amuldotexe/Desktop/personal-repos-lane/knight-bus-graph-walker/gitrefrepo/apache-jena-src	apache-jena-src	graph-database-patterns-2.md	canonical_file_mentioned	indexed	144425	645604	7499	31.86	/tmp/codex-code-intel/codebase-memory/gitrefrepo-each-20260707/cache	/tmp/codex-code-intel/codebase-memory/gitrefrepo-each-20260707/logs/apache-jena-src.log	Users-amuldotexe-Desktop-personal-repos-lane-knight-bus-graph-walker-gitrefrepo-apache-jena-src		2026-07-07T01:31:13.346130+00:00
/Users/amuldotexe/Desktop/personal-repos-lane/knight-bus-graph-walker/gitrefrepo/apache-parquet-format-src	apache-parquet-format-src	graph-database-patterns-3.md	canonical_file_mentioned	indexed	466	531	31	0.42	/tmp/codex-code-intel/codebase-memory/gitrefrepo-each-20260707/cache	/tmp/codex-code-intel/codebase-memory/gitrefrepo-each-20260707/logs/apache-parquet-format-src.log	Users-amuldotexe-Desktop-personal-repos-lane-knight-bus-graph-walker-gitrefrepo-apache-parquet-format-src		2026-07-07T01:31:13.815415+00:00
/Users/amuldotexe/Desktop/personal-repos-lane/knight-bus-graph-walker/gitrefrepo/apache-tinkerpop-src	apache-tinkerpop-src	graph-database-patterns-2.md	canonical_file_mentioned	indexed	47126	223807	2812	65.24	/tmp/codex-code-intel/codebase-memory/gitrefrepo-each-20260707/cache	/tmp/codex-code-intel/codebase-memory/gitrefrepo-each-20260707/logs/apache-tinkerpop-src.log	Users-amuldotexe-Desktop-personal-repos-lane-knight-bus-graph-walker-gitrefrepo-apache-tinkerpop-src		2026-07-07T01:32:19.088708+00:00
/Users/amuldotexe/Desktop/personal-repos-lane/knight-bus-graph-walker/gitrefrepo/arangodb-src	arangodb-src	graph-database-patterns-2.md	canonical_file_mentioned	indexed	552520	1658649	47166	475.39	/tmp/codex-code-intel/codebase-memory/gitrefrepo-each-20260707/cache	/tmp/codex-code-intel/codebase-memory/gitrefrepo-each-20260707/logs/arangodb-src.log	Users-amuldotexe-Desktop-personal-repos-lane-knight-bus-graph-walker-gitrefrepo-arangodb-src		2026-07-07T01:53:16.469439+00:00
/Users/amuldotexe/Desktop/personal-repos-lane/knight-bus-graph-walker/gitrefrepo/arcadedb-src	arcadedb-src	graph-database-patterns-2.md	canonical_file_mentioned	indexed	67844	405698	3655	11.10	/tmp/codex-code-intel/codebase-memory/gitrefrepo-each-20260707/cache	/tmp/codex-code-intel/codebase-memory/gitrefrepo-each-20260707/logs/arcadedb-src.log	Users-amuldotexe-Desktop-personal-repos-lane-knight-bus-graph-walker-gitrefrepo-arcadedb-src		2026-07-07T01:34:30.988201+00:00
/Users/amuldotexe/Desktop/personal-repos-lane/knight-bus-graph-walker/gitrefrepo/blazegraph-src	blazegraph-src	graph-database-patterns-2.md	canonical_file_mentioned	indexed	84146	403719	4729	18.81	/tmp/codex-code-intel/codebase-memory/gitrefrepo-each-20260707/cache	/tmp/codex-code-intel/codebase-memory/gitrefrepo-each-20260707/logs/blazegraph-src.log	Users-amuldotexe-Desktop-personal-repos-lane-knight-bus-graph-walker-gitrefrepo-blazegraph-src		2026-07-07T01:34:49.799031+00:00
/Users/amuldotexe/Desktop/personal-repos-lane/knight-bus-graph-walker/gitrefrepo/cayley-src	cayley-src	graph-database-patterns-2.md	canonical_file_mentioned	indexed	5231	24438	371	0.94	/tmp/codex-code-intel/codebase-memory/gitrefrepo-each-20260707/cache	/tmp/codex-code-intel/codebase-memory/gitrefrepo-each-20260707/logs/cayley-src.log	Users-amuldotexe-Desktop-personal-repos-lane-knight-bus-graph-walker-gitrefrepo-cayley-src		2026-07-07T01:34:50.746026+00:00
/Users/amuldotexe/Desktop/personal-repos-lane/knight-bus-graph-walker/gitrefrepo/clickhouse-src	clickhouse-src	graph-database-patterns-3.md	canonical_file_mentioned	timeout				600.25	/tmp/codex-code-intel/codebase-memory/gitrefrepo-each-20260707/cache	/tmp/codex-code-intel/codebase-memory/gitrefrepo-each-20260707/logs/clickhouse-src.log		timeout after 600s	2026-07-07T02:03:16.725254+00:00
/Users/amuldotexe/Desktop/personal-repos-lane/knight-bus-graph-walker/gitrefrepo/cugraph-src	cugraph-src	graph-database-patterns-4.md	canonical_file_mentioned	indexed	12423	48980	1366	9.85	/tmp/codex-code-intel/codebase-memory/gitrefrepo-each-20260707/cache	/tmp/codex-code-intel/codebase-memory/gitrefrepo-each-20260707/logs/cugraph-src.log	Users-amuldotexe-Desktop-personal-repos-lane-knight-bus-graph-walker-gitrefrepo-cugraph-src		2026-07-07T01:37:00.779671+00:00
/Users/amuldotexe/Desktop/personal-repos-lane/knight-bus-graph-walker/gitrefrepo/datafusion-comet-src	datafusion-comet-src	graph-database-patterns-3.md	canonical_file_mentioned	indexed	14937	46562	1241	1.45	/tmp/codex-code-intel/codebase-memory/gitrefrepo-each-20260707/cache	/tmp/codex-code-intel/codebase-memory/gitrefrepo-each-20260707/logs/datafusion-comet-src.log	Users-amuldotexe-Desktop-personal-repos-lane-knight-bus-graph-walker-gitrefrepo-datafusion-comet-src		2026-07-07T01:37:02.226946+00:00
/Users/amuldotexe/Desktop/personal-repos-lane/knight-bus-graph-walker/gitrefrepo/datafusion-python-src	datafusion-python-src	graph-database-patterns-3.md	canonical_file_mentioned	indexed	5455	25849	361	0.64	/tmp/codex-code-intel/codebase-memory/gitrefrepo-each-20260707/cache	/tmp/codex-code-intel/codebase-memory/gitrefrepo-each-20260707/logs/datafusion-python-src.log	Users-amuldotexe-Desktop-personal-repos-lane-knight-bus-graph-walker-gitrefrepo-datafusion-python-src		2026-07-07T01:37:02.872314+00:00
/Users/amuldotexe/Desktop/personal-repos-lane/knight-bus-graph-walker/gitrefrepo/dgraph-src	dgraph-src	graph-database-patterns-2.md	canonical_file_mentioned	indexed	18748	91934	958	2.05	/tmp/codex-code-intel/codebase-memory/gitrefrepo-each-20260707/cache	/tmp/codex-code-intel/codebase-memory/gitrefrepo-each-20260707/logs/dgraph-src.log	Users-amuldotexe-Desktop-personal-repos-lane-knight-bus-graph-walker-gitrefrepo-dgraph-src		2026-07-07T01:37:04.924861+00:00
/Users/amuldotexe/Desktop/personal-repos-lane/knight-bus-graph-walker/gitrefrepo/differential-dataflow-src	differential-dataflow-src	graph-database-patterns-4.md	canonical_file_mentioned	indexed	3514	13181	282	0.39	/tmp/codex-code-intel/codebase-memory/gitrefrepo-each-20260707/cache	/tmp/codex-code-intel/codebase-memory/gitrefrepo-each-20260707/logs/differential-dataflow-src.log	Users-amuldotexe-Desktop-personal-repos-lane-knight-bus-graph-walker-gitrefrepo-differential-dataflow-src		2026-07-07T01:37:05.317647+00:00
/Users/amuldotexe/Desktop/personal-repos-lane/knight-bus-graph-walker/gitrefrepo/duckdb-src	duckdb-src	graph-database-patterns-3.md	canonical_file_mentioned	indexed	120933	379944	7896	43.59	/tmp/codex-code-intel/codebase-memory/gitrefrepo-each-20260707/cache	/tmp/codex-code-intel/codebase-memory/gitrefrepo-each-20260707/logs/duckdb-src.log	Users-amuldotexe-Desktop-personal-repos-lane-knight-bus-graph-walker-gitrefrepo-duckdb-src		2026-07-07T01:37:48.905274+00:00
/Users/amuldotexe/Desktop/personal-repos-lane/knight-bus-graph-walker/gitrefrepo/eclipse-rdf4j-src	eclipse-rdf4j-src	graph-database-patterns-2.md	canonical_file_mentioned	indexed	107989	437505	4866	12.34	/tmp/codex-code-intel/codebase-memory/gitrefrepo-each-20260707/cache	/tmp/codex-code-intel/codebase-memory/gitrefrepo-each-20260707/logs/eclipse-rdf4j-src.log	Users-amuldotexe-Desktop-personal-repos-lane-knight-bus-graph-walker-gitrefrepo-eclipse-rdf4j-src		2026-07-07T01:38:01.250917+00:00
/Users/amuldotexe/Desktop/personal-repos-lane/knight-bus-graph-walker/gitrefrepo/falkordb-src	falkordb-src	graph-database-patterns-2.md	canonical_file_mentioned	indexed	110732	247646	6341	11.42	/tmp/codex-code-intel/codebase-memory/gitrefrepo-each-20260707/cache	/tmp/codex-code-intel/codebase-memory/gitrefrepo-each-20260707/logs/falkordb-src.log	Users-amuldotexe-Desktop-personal-repos-lane-knight-bus-graph-walker-gitrefrepo-falkordb-src		2026-07-07T01:38:12.669267+00:00
/Users/amuldotexe/Desktop/personal-repos-lane/knight-bus-graph-walker/gitrefrepo/fjall-src	fjall-src	graph-database-patterns-3.md	canonical_file_mentioned	indexed	1646	5699	176	0.22	/tmp/codex-code-intel/codebase-memory/gitrefrepo-each-20260707/cache	/tmp/codex-code-intel/codebase-memory/gitrefrepo-each-20260707/logs/fjall-src.log	Users-amuldotexe-Desktop-personal-repos-lane-knight-bus-graph-walker-gitrefrepo-fjall-src		2026-07-07T01:38:12.887379+00:00
/Users/amuldotexe/Desktop/personal-repos-lane/knight-bus-graph-walker/gitrefrepo/galois-src	galois-src	graph-database-patterns-4.md	canonical_file_mentioned	indexed	19378	58710	990	2.25	/tmp/codex-code-intel/codebase-memory/gitrefrepo-each-20260707/cache	/tmp/codex-code-intel/codebase-memory/gitrefrepo-each-20260707/logs/galois-src.log	Users-amuldotexe-Desktop-personal-repos-lane-knight-bus-graph-walker-gitrefrepo-galois-src		2026-07-07T01:38:15.142961+00:00
/Users/amuldotexe/Desktop/personal-repos-lane/knight-bus-graph-walker/gitrefrepo/gapbs-src	gapbs-src	graph-database-patterns-4.md	canonical_file_mentioned	indexed	481	1328	29	0.18	/tmp/codex-code-intel/codebase-memory/gitrefrepo-each-20260707/cache	/tmp/codex-code-intel/codebase-memory/gitrefrepo-each-20260707/logs/gapbs-src.log	Users-amuldotexe-Desktop-personal-repos-lane-knight-bus-graph-walker-gitrefrepo-gapbs-src		2026-07-07T01:38:15.321200+00:00
/Users/amuldotexe/Desktop/personal-repos-lane/knight-bus-graph-walker/gitrefrepo/graph-csr-openmp-src	graph-csr-openmp-src	graph-database-patterns-4.md	canonical_file_mentioned	indexed	412	950	22	0.16	/tmp/codex-code-intel/codebase-memory/gitrefrepo-each-20260707/cache	/tmp/codex-code-intel/codebase-memory/gitrefrepo-each-20260707/logs/graph-csr-openmp-src.log	Users-amuldotexe-Desktop-personal-repos-lane-knight-bus-graph-walker-gitrefrepo-graph-csr-openmp-src		2026-07-07T01:38:15.483410+00:00
/Users/amuldotexe/Desktop/personal-repos-lane/knight-bus-graph-walker/gitrefrepo/graphblas-pointers-src	graphblas-pointers-src	graph-database-patterns-4.md	canonical_file_mentioned	indexed	39	38	2	0.04	/tmp/codex-code-intel/codebase-memory/gitrefrepo-each-20260707/cache	/tmp/codex-code-intel/codebase-memory/gitrefrepo-each-20260707/logs/graphblas-pointers-src.log	Users-amuldotexe-Desktop-personal-repos-lane-knight-bus-graph-walker-gitrefrepo-graphblas-pointers-src		2026-07-07T01:38:15.520446+00:00
/Users/amuldotexe/Desktop/personal-repos-lane/knight-bus-graph-walker/gitrefrepo/graphblas-src	graphblas-src	graph-database-patterns-4.md	canonical_file_mentioned	indexed	80273	163417	5017	8.83	/tmp/codex-code-intel/codebase-memory/gitrefrepo-each-20260707/cache	/tmp/codex-code-intel/codebase-memory/gitrefrepo-each-20260707/logs/graphblas-src.log	Users-amuldotexe-Desktop-personal-repos-lane-knight-bus-graph-walker-gitrefrepo-graphblas-src		2026-07-07T01:38:24.353690+00:00
/Users/amuldotexe/Desktop/personal-repos-lane/knight-bus-graph-walker/gitrefrepo/graphblas_sparse_linear_algebra-src	graphblas_sparse_linear_algebra-src	graph-database-patterns-4.md	canonical_file_mentioned	indexed	1836	9429	180	0.30	/tmp/codex-code-intel/codebase-memory/gitrefrepo-each-20260707/cache	/tmp/codex-code-intel/codebase-memory/gitrefrepo-each-20260707/logs/graphblas_sparse_linear_algebra-src.log	Users-amuldotexe-Desktop-personal-repos-lane-knight-bus-graph-walker-gitrefrepo-graphblas_sparse_linear_algebra-src		2026-07-07T01:38:24.651042+00:00
/Users/amuldotexe/Desktop/personal-repos-lane/knight-bus-graph-walker/gitrefrepo/graphchi-cpp-src	graphchi-cpp-src	graph-database-patterns-4.md	canonical_file_mentioned	indexed	6589	28371	893	1.47	/tmp/codex-code-intel/codebase-memory/gitrefrepo-each-20260707/cache	/tmp/codex-code-intel/codebase-memory/gitrefrepo-each-20260707/logs/graphchi-cpp-src.log	Users-amuldotexe-Desktop-personal-repos-lane-knight-bus-graph-walker-gitrefrepo-graphchi-cpp-src		2026-07-07T01:38:26.125430+00:00
/Users/amuldotexe/Desktop/personal-repos-lane/knight-bus-graph-walker/gitrefrepo/graphscope-src	graphscope-src	graph-database-patterns-4.md	canonical_file_mentioned	indexed	71966	292287	4194	8.16	/tmp/codex-code-intel/codebase-memory/gitrefrepo-each-20260707/cache	/tmp/codex-code-intel/codebase-memory/gitrefrepo-each-20260707/logs/graphscope-src.log	Users-amuldotexe-Desktop-personal-repos-lane-knight-bus-graph-walker-gitrefrepo-graphscope-src		2026-07-07T01:38:34.282748+00:00
/Users/amuldotexe/Desktop/personal-repos-lane/knight-bus-graph-walker/gitrefrepo/gridgraph-src	gridgraph-src	graph-database-patterns-4.md	canonical_file_mentioned	indexed	179	417	21	0.10	/tmp/codex-code-intel/codebase-memory/gitrefrepo-each-20260707/cache	/tmp/codex-code-intel/codebase-memory/gitrefrepo-each-20260707/logs/gridgraph-src.log	Users-amuldotexe-Desktop-personal-repos-lane-knight-bus-graph-walker-gitrefrepo-gridgraph-src		2026-07-07T01:38:34.381948+00:00
/Users/amuldotexe/Desktop/personal-repos-lane/knight-bus-graph-walker/gitrefrepo/gunrock-src	gunrock-src	graph-database-patterns-4.md	canonical_file_mentioned	indexed	2620	8052	272	0.33	/tmp/codex-code-intel/codebase-memory/gitrefrepo-each-20260707/cache	/tmp/codex-code-intel/codebase-memory/gitrefrepo-each-20260707/logs/gunrock-src.log	Users-amuldotexe-Desktop-personal-repos-lane-knight-bus-graph-walker-gitrefrepo-gunrock-src		2026-07-07T01:38:34.712623+00:00
/Users/amuldotexe/Desktop/personal-repos-lane/knight-bus-graph-walker/gitrefrepo/helix-db-src	helix-db-src	graph-database-patterns-2.md	canonical_file_mentioned	indexed	3983	18120	103	37.42	/tmp/codex-code-intel/codebase-memory/gitrefrepo-each-20260707/cache	/tmp/codex-code-intel/codebase-memory/gitrefrepo-each-20260707/logs/helix-db-src.log	Users-amuldotexe-Desktop-personal-repos-lane-knight-bus-graph-walker-gitrefrepo-helix-db-src		2026-07-07T01:39:12.131176+00:00
/Users/amuldotexe/Desktop/personal-repos-lane/knight-bus-graph-walker/gitrefrepo/igraph-src	igraph-src	graph-database-patterns-4.md	canonical_file_mentioned	indexed	9944	35015	1261	1.55	/tmp/codex-code-intel/codebase-memory/gitrefrepo-each-20260707/cache	/tmp/codex-code-intel/codebase-memory/gitrefrepo-each-20260707/logs/igraph-src.log	Users-amuldotexe-Desktop-personal-repos-lane-knight-bus-graph-walker-gitrefrepo-igraph-src		2026-07-07T01:39:13.678760+00:00
/Users/amuldotexe/Desktop/personal-repos-lane/knight-bus-graph-walker/gitrefrepo/indradb-src	indradb-src	graph-database-patterns-2.md	canonical_file_mentioned	indexed	1279	4202	71	0.16	/tmp/codex-code-intel/codebase-memory/gitrefrepo-each-20260707/cache	/tmp/codex-code-intel/codebase-memory/gitrefrepo-each-20260707/logs/indradb-src.log	Users-amuldotexe-Desktop-personal-repos-lane-knight-bus-graph-walker-gitrefrepo-indradb-src		2026-07-07T01:39:13.841951+00:00
/Users/amuldotexe/Desktop/personal-repos-lane/knight-bus-graph-walker/gitrefrepo/janusgraph-src	janusgraph-src	graph-database-patterns-2.md	canonical_file_mentioned	indexed	29517	120740	1715	3.78	/tmp/codex-code-intel/codebase-memory/gitrefrepo-each-20260707/cache	/tmp/codex-code-intel/codebase-memory/gitrefrepo-each-20260707/logs/janusgraph-src.log	Users-amuldotexe-Desktop-personal-repos-lane-knight-bus-graph-walker-gitrefrepo-janusgraph-src		2026-07-07T01:39:17.626347+00:00
/Users/amuldotexe/Desktop/personal-repos-lane/knight-bus-graph-walker/gitrefrepo/jemalloc-src	jemalloc-src	graph-database-patterns-5.md	direct_source_cited	indexed	7166	19815	478	0.79	/tmp/codex-code-intel/codebase-memory/gitrefrepo-each-20260707/cache	/tmp/codex-code-intel/codebase-memory/gitrefrepo-each-20260707/logs/jemalloc-src.log	Users-amuldotexe-Desktop-personal-repos-lane-knight-bus-graph-walker-gitrefrepo-jemalloc-src		2026-07-07T01:39:18.420488+00:00
/Users/amuldotexe/Desktop/personal-repos-lane/knight-bus-graph-walker/gitrefrepo/kuzu-src	kuzu-src	graph-database-patterns-2.md	canonical_file_mentioned	indexed	50233	158541	3753	17.90	/tmp/codex-code-intel/codebase-memory/gitrefrepo-each-20260707/cache	/tmp/codex-code-intel/codebase-memory/gitrefrepo-each-20260707/logs/kuzu-src.log	Users-amuldotexe-Desktop-personal-repos-lane-knight-bus-graph-walker-gitrefrepo-kuzu-src		2026-07-07T01:39:36.318522+00:00
/Users/amuldotexe/Desktop/personal-repos-lane/knight-bus-graph-walker/gitrefrepo/ladybug-src	ladybug-src	graph-database-patterns-5.md	direct_source_cited	indexed	44753	138146	2903	12.61	/tmp/codex-code-intel/codebase-memory/gitrefrepo-each-20260707/cache	/tmp/codex-code-intel/codebase-memory/gitrefrepo-each-20260707/logs/ladybug-src.log	Users-amuldotexe-Desktop-personal-repos-lane-knight-bus-graph-walker-gitrefrepo-ladybug-src		2026-07-07T01:39:48.932640+00:00
/Users/amuldotexe/Desktop/personal-repos-lane/knight-bus-graph-walker/gitrefrepo/lagraph-src	lagraph-src	graph-database-patterns-4.md	canonical_file_mentioned	indexed	3009	8465	377	0.92	/tmp/codex-code-intel/codebase-memory/gitrefrepo-each-20260707/cache	/tmp/codex-code-intel/codebase-memory/gitrefrepo-each-20260707/logs/lagraph-src.log	Users-amuldotexe-Desktop-personal-repos-lane-knight-bus-graph-walker-gitrefrepo-lagraph-src		2026-07-07T01:39:49.855418+00:00
/Users/amuldotexe/Desktop/personal-repos-lane/knight-bus-graph-walker/gitrefrepo/ldbc_graphalytics-src	ldbc_graphalytics-src	graph-database-patterns-4.md	canonical_file_mentioned	indexed	2433	6907	236	0.33	/tmp/codex-code-intel/codebase-memory/gitrefrepo-each-20260707/cache	/tmp/codex-code-intel/codebase-memory/gitrefrepo-each-20260707/logs/ldbc_graphalytics-src.log	Users-amuldotexe-Desktop-personal-repos-lane-knight-bus-graph-walker-gitrefrepo-ldbc_graphalytics-src		2026-07-07T01:39:50.182354+00:00
/Users/amuldotexe/Desktop/personal-repos-lane/knight-bus-graph-walker/gitrefrepo/ldbc_graphalytics_docs-src	ldbc_graphalytics_docs-src	graph-database-patterns-4.md	canonical_file_mentioned	indexed	118	121	13	0.11	/tmp/codex-code-intel/codebase-memory/gitrefrepo-each-20260707/cache	/tmp/codex-code-intel/codebase-memory/gitrefrepo-each-20260707/logs/ldbc_graphalytics_docs-src.log	Users-amuldotexe-Desktop-personal-repos-lane-knight-bus-graph-walker-gitrefrepo-ldbc_graphalytics_docs-src		2026-07-07T01:39:50.297561+00:00
/Users/amuldotexe/Desktop/personal-repos-lane/knight-bus-graph-walker/gitrefrepo/ldbc_graphalytics_platforms_arcadedb-src	ldbc_graphalytics_platforms_arcadedb-src	graph-database-patterns-4.md	canonical_file_mentioned	indexed	723	1758	74	0.14	/tmp/codex-code-intel/codebase-memory/gitrefrepo-each-20260707/cache	/tmp/codex-code-intel/codebase-memory/gitrefrepo-each-20260707/logs/ldbc_graphalytics_platforms_arcadedb-src.log	Users-amuldotexe-Desktop-personal-repos-lane-knight-bus-graph-walker-gitrefrepo-ldbc_graphalytics_platforms_arcadedb-src		2026-07-07T01:39:50.437592+00:00
/Users/amuldotexe/Desktop/personal-repos-lane/knight-bus-graph-walker/gitrefrepo/ldbc_graphalytics_platforms_graphblas-src	ldbc_graphalytics_platforms_graphblas-src	graph-database-patterns-4.md	canonical_file_mentioned	indexed	457	853	81	0.08	/tmp/codex-code-intel/codebase-memory/gitrefrepo-each-20260707/cache	/tmp/codex-code-intel/codebase-memory/gitrefrepo-each-20260707/logs/ldbc_graphalytics_platforms_graphblas-src.log	Users-amuldotexe-Desktop-personal-repos-lane-knight-bus-graph-walker-gitrefrepo-ldbc_graphalytics_platforms_graphblas-src		2026-07-07T01:39:50.525383+00:00
/Users/amuldotexe/Desktop/personal-repos-lane/knight-bus-graph-walker/gitrefrepo/ldbc_snb_interactive_v1_driver-src	ldbc_snb_interactive_v1_driver-src	graph-database-patterns-5.md	direct_source_cited	indexed	7906	30053	421	0.95	/tmp/codex-code-intel/codebase-memory/gitrefrepo-each-20260707/cache	/tmp/codex-code-intel/codebase-memory/gitrefrepo-each-20260707/logs/ldbc_snb_interactive_v1_driver-src.log	Users-amuldotexe-Desktop-personal-repos-lane-knight-bus-graph-walker-gitrefrepo-ldbc_snb_interactive_v1_driver-src		2026-07-07T01:39:51.476863+00:00
/Users/amuldotexe/Desktop/personal-repos-lane/knight-bus-graph-walker/gitrefrepo/ldbc_snb_interactive_v1_impls-src	ldbc_snb_interactive_v1_impls-src	graph-database-patterns-5.md	direct_source_cited	indexed	2619	6088	455	6.53	/tmp/codex-code-intel/codebase-memory/gitrefrepo-each-20260707/cache	/tmp/codex-code-intel/codebase-memory/gitrefrepo-each-20260707/logs/ldbc_snb_interactive_v1_impls-src.log	Users-amuldotexe-Desktop-personal-repos-lane-knight-bus-graph-walker-gitrefrepo-ldbc_snb_interactive_v1_impls-src		2026-07-07T01:39:58.010116+00:00
/Users/amuldotexe/Desktop/personal-repos-lane/knight-bus-graph-walker/gitrefrepo/ldbc_snb_interactive_v2_driver-src	ldbc_snb_interactive_v2_driver-src	graph-database-patterns-5.md	direct_source_cited	indexed	7508	27726	416	0.75	/tmp/codex-code-intel/codebase-memory/gitrefrepo-each-20260707/cache	/tmp/codex-code-intel/codebase-memory/gitrefrepo-each-20260707/logs/ldbc_snb_interactive_v2_driver-src.log	Users-amuldotexe-Desktop-personal-repos-lane-knight-bus-graph-walker-gitrefrepo-ldbc_snb_interactive_v2_driver-src		2026-07-07T01:39:58.763040+00:00
/Users/amuldotexe/Desktop/personal-repos-lane/knight-bus-graph-walker/gitrefrepo/ldbc_snb_interactive_v2_impls-src	ldbc_snb_interactive_v2_impls-src	graph-database-patterns-5.md	direct_source_cited	indexed	2247	5057	408	0.28	/tmp/codex-code-intel/codebase-memory/gitrefrepo-each-20260707/cache	/tmp/codex-code-intel/codebase-memory/gitrefrepo-each-20260707/logs/ldbc_snb_interactive_v2_impls-src.log	Users-amuldotexe-Desktop-personal-repos-lane-knight-bus-graph-walker-gitrefrepo-ldbc_snb_interactive_v2_impls-src		2026-07-07T01:39:59.046807+00:00
/Users/amuldotexe/Desktop/personal-repos-lane/knight-bus-graph-walker/gitrefrepo/libcypher-parser-src	libcypher-parser-src	graph-database-patterns-5.md	direct_source_cited	indexed	3179	10542	194	0.37	/tmp/codex-code-intel/codebase-memory/gitrefrepo-each-20260707/cache	/tmp/codex-code-intel/codebase-memory/gitrefrepo-each-20260707/logs/libcypher-parser-src.log	Users-amuldotexe-Desktop-personal-repos-lane-knight-bus-graph-walker-gitrefrepo-libcypher-parser-src		2026-07-07T01:39:59.424324+00:00
/Users/amuldotexe/Desktop/personal-repos-lane/knight-bus-graph-walker/gitrefrepo/ligra-src	ligra-src	graph-database-patterns-4.md	canonical_file_mentioned	indexed	1081	2674	45	0.68	/tmp/codex-code-intel/codebase-memory/gitrefrepo-each-20260707/cache	/tmp/codex-code-intel/codebase-memory/gitrefrepo-each-20260707/logs/ligra-src.log	Users-amuldotexe-Desktop-personal-repos-lane-knight-bus-graph-walker-gitrefrepo-ligra-src		2026-07-07T01:40:00.102311+00:00
/Users/amuldotexe/Desktop/personal-repos-lane/knight-bus-graph-walker/gitrefrepo/materialize-src	materialize-src	graph-database-patterns-3.md	canonical_file_mentioned	indexed	101460	433429	8420	12.02	/tmp/codex-code-intel/codebase-memory/gitrefrepo-each-20260707/cache	/tmp/codex-code-intel/codebase-memory/gitrefrepo-each-20260707/logs/materialize-src.log	Users-amuldotexe-Desktop-personal-repos-lane-knight-bus-graph-walker-gitrefrepo-materialize-src		2026-07-07T01:40:12.125709+00:00
/Users/amuldotexe/Desktop/personal-repos-lane/knight-bus-graph-walker/gitrefrepo/memgraph-src	memgraph-src	graph-database-patterns-2.md	canonical_file_mentioned	indexed	47808	162771	4039	14.95	/tmp/codex-code-intel/codebase-memory/gitrefrepo-each-20260707/cache	/tmp/codex-code-intel/codebase-memory/gitrefrepo-each-20260707/logs/memgraph-src.log	Users-amuldotexe-Desktop-personal-repos-lane-knight-bus-graph-walker-gitrefrepo-memgraph-src		2026-07-07T01:40:27.076746+00:00
/Users/amuldotexe/Desktop/personal-repos-lane/knight-bus-graph-walker/gitrefrepo/minigraph-src	minigraph-src	graph-database-patterns-4.md	canonical_file_mentioned	indexed	1192	2938	92	6.39	/tmp/codex-code-intel/codebase-memory/gitrefrepo-each-20260707/cache	/tmp/codex-code-intel/codebase-memory/gitrefrepo-each-20260707/logs/minigraph-src.log	Users-amuldotexe-Desktop-personal-repos-lane-knight-bus-graph-walker-gitrefrepo-minigraph-src		2026-07-07T01:40:33.472989+00:00
/Users/amuldotexe/Desktop/personal-repos-lane/knight-bus-graph-walker/gitrefrepo/nalgebra-src	nalgebra-src	graph-database-patterns-4.md	canonical_file_mentioned	indexed	5975	24079	443	0.67	/tmp/codex-code-intel/codebase-memory/gitrefrepo-each-20260707/cache	/tmp/codex-code-intel/codebase-memory/gitrefrepo-each-20260707/logs/nalgebra-src.log	Users-amuldotexe-Desktop-personal-repos-lane-knight-bus-graph-walker-gitrefrepo-nalgebra-src		2026-07-07T01:40:34.139704+00:00
/Users/amuldotexe/Desktop/personal-repos-lane/knight-bus-graph-walker/gitrefrepo/ndarray-src	ndarray-src	graph-database-patterns-4.md	canonical_file_mentioned	indexed	3187	15417	187	0.42	/tmp/codex-code-intel/codebase-memory/gitrefrepo-each-20260707/cache	/tmp/codex-code-intel/codebase-memory/gitrefrepo-each-20260707/logs/ndarray-src.log	Users-amuldotexe-Desktop-personal-repos-lane-knight-bus-graph-walker-gitrefrepo-ndarray-src		2026-07-07T01:40:34.563376+00:00
/Users/amuldotexe/Desktop/personal-repos-lane/knight-bus-graph-walker/gitrefrepo/nebula-src	nebula-src	graph-database-patterns-2.md	canonical_file_mentioned	indexed	22377	81065	1988	4.07	/tmp/codex-code-intel/codebase-memory/gitrefrepo-each-20260707/cache	/tmp/codex-code-intel/codebase-memory/gitrefrepo-each-20260707/logs/nebula-src.log	Users-amuldotexe-Desktop-personal-repos-lane-knight-bus-graph-walker-gitrefrepo-nebula-src		2026-07-07T01:40:38.633204+00:00
/Users/amuldotexe/Desktop/personal-repos-lane/knight-bus-graph-walker/gitrefrepo/networkit-src	networkit-src	graph-database-patterns-4.md	canonical_file_mentioned	indexed	8964	37365	1058	1.56	/tmp/codex-code-intel/codebase-memory/gitrefrepo-each-20260707/cache	/tmp/codex-code-intel/codebase-memory/gitrefrepo-each-20260707/logs/networkit-src.log	Users-amuldotexe-Desktop-personal-repos-lane-knight-bus-graph-walker-gitrefrepo-networkit-src		2026-07-07T01:40:40.195252+00:00
/Users/amuldotexe/Desktop/personal-repos-lane/knight-bus-graph-walker/gitrefrepo/nornicdb-src	nornicdb-src	graph-database-patterns-2.md	canonical_file_mentioned	indexed	40937	277772	2136	6.38	/tmp/codex-code-intel/codebase-memory/gitrefrepo-each-20260707/cache	/tmp/codex-code-intel/codebase-memory/gitrefrepo-each-20260707/logs/nornicdb-src.log	Users-amuldotexe-Desktop-personal-repos-lane-knight-bus-graph-walker-gitrefrepo-nornicdb-src		2026-07-07T01:40:46.579936+00:00
/Users/amuldotexe/Desktop/personal-repos-lane/knight-bus-graph-walker/gitrefrepo/ongdb-src	ongdb-src	graph-database-patterns-2.md	canonical_file_mentioned	indexed	174126	796841	9719	17.23	/tmp/codex-code-intel/codebase-memory/gitrefrepo-each-20260707/cache	/tmp/codex-code-intel/codebase-memory/gitrefrepo-each-20260707/logs/ongdb-src.log	Users-amuldotexe-Desktop-personal-repos-lane-knight-bus-graph-walker-gitrefrepo-ongdb-src		2026-07-07T01:41:03.809307+00:00
/Users/amuldotexe/Desktop/personal-repos-lane/knight-bus-graph-walker/gitrefrepo/orientdb-src	orientdb-src	graph-database-patterns-2.md	canonical_file_mentioned	indexed	85404	469097	4803	9.76	/tmp/codex-code-intel/codebase-memory/gitrefrepo-each-20260707/cache	/tmp/codex-code-intel/codebase-memory/gitrefrepo-each-20260707/logs/orientdb-src.log	Users-amuldotexe-Desktop-personal-repos-lane-knight-bus-graph-walker-gitrefrepo-orientdb-src		2026-07-07T01:41:13.569496+00:00
/Users/amuldotexe/Desktop/personal-repos-lane/knight-bus-graph-walker/gitrefrepo/petgraph-src	petgraph-src	graph-database-patterns-4.md	canonical_file_mentioned	indexed	3246	14325	155	0.38	/tmp/codex-code-intel/codebase-memory/gitrefrepo-each-20260707/cache	/tmp/codex-code-intel/codebase-memory/gitrefrepo-each-20260707/logs/petgraph-src.log	Users-amuldotexe-Desktop-personal-repos-lane-knight-bus-graph-walker-gitrefrepo-petgraph-src		2026-07-07T01:41:13.949122+00:00
/Users/amuldotexe/Desktop/personal-repos-lane/knight-bus-graph-walker/gitrefrepo/python-graphblas-src	python-graphblas-src	graph-database-patterns-4.md	canonical_file_mentioned	indexed	2546	16867	159	0.59	/tmp/codex-code-intel/codebase-memory/gitrefrepo-each-20260707/cache	/tmp/codex-code-intel/codebase-memory/gitrefrepo-each-20260707/logs/python-graphblas-src.log	Users-amuldotexe-Desktop-personal-repos-lane-knight-bus-graph-walker-gitrefrepo-python-graphblas-src		2026-07-07T01:41:14.539595+00:00
/Users/amuldotexe/Desktop/personal-repos-lane/knight-bus-graph-walker/gitrefrepo/qdrant-src	qdrant-src	graph-database-patterns-3.md	canonical_file_mentioned	indexed	30693	153507	1764	3.28	/tmp/codex-code-intel/codebase-memory/gitrefrepo-each-20260707/cache	/tmp/codex-code-intel/codebase-memory/gitrefrepo-each-20260707/logs/qdrant-src.log	Users-amuldotexe-Desktop-personal-repos-lane-knight-bus-graph-walker-gitrefrepo-qdrant-src		2026-07-07T01:41:17.822445+00:00
/Users/amuldotexe/Desktop/personal-repos-lane/knight-bus-graph-walker/gitrefrepo/raphtory-src	raphtory-src	graph-database-patterns-4.md	canonical_file_mentioned	indexed	19637	101123	1027	3.05	/tmp/codex-code-intel/codebase-memory/gitrefrepo-each-20260707/cache	/tmp/codex-code-intel/codebase-memory/gitrefrepo-each-20260707/logs/raphtory-src.log	Users-amuldotexe-Desktop-personal-repos-lane-knight-bus-graph-walker-gitrefrepo-raphtory-src		2026-07-07T01:41:20.876863+00:00
/Users/amuldotexe/Desktop/personal-repos-lane/knight-bus-graph-walker/gitrefrepo/redb-src	redb-src	graph-database-patterns-3.md	canonical_file_mentioned	indexed	3411	14251	97	0.39	/tmp/codex-code-intel/codebase-memory/gitrefrepo-each-20260707/cache	/tmp/codex-code-intel/codebase-memory/gitrefrepo-each-20260707/logs/redb-src.log	Users-amuldotexe-Desktop-personal-repos-lane-knight-bus-graph-walker-gitrefrepo-redb-src		2026-07-07T01:41:21.267488+00:00
/Users/amuldotexe/Desktop/personal-repos-lane/knight-bus-graph-walker/gitrefrepo/redisgraph-src	redisgraph-src	graph-database-patterns-2.md	canonical_file_mentioned	indexed	123765	234845	5231	7.70	/tmp/codex-code-intel/codebase-memory/gitrefrepo-each-20260707/cache	/tmp/codex-code-intel/codebase-memory/gitrefrepo-each-20260707/logs/redisgraph-src.log	Users-amuldotexe-Desktop-personal-repos-lane-knight-bus-graph-walker-gitrefrepo-redisgraph-src		2026-07-07T01:41:28.973633+00:00
/Users/amuldotexe/Desktop/personal-repos-lane/knight-bus-graph-walker/gitrefrepo/risingwave-src	risingwave-src	graph-database-patterns-3.md	canonical_file_mentioned	indexed	72010	323927	4632	7.85	/tmp/codex-code-intel/codebase-memory/gitrefrepo-each-20260707/cache	/tmp/codex-code-intel/codebase-memory/gitrefrepo-each-20260707/logs/risingwave-src.log	Users-amuldotexe-Desktop-personal-repos-lane-knight-bus-graph-walker-gitrefrepo-risingwave-src		2026-07-07T01:41:36.825059+00:00
/Users/amuldotexe/Desktop/personal-repos-lane/knight-bus-graph-walker/gitrefrepo/rocksdb-src	rocksdb-src	graph-database-patterns-3.md	canonical_file_mentioned	indexed	58943	205241	1971	27.43	/tmp/codex-code-intel/codebase-memory/gitrefrepo-each-20260707/cache	/tmp/codex-code-intel/codebase-memory/gitrefrepo-each-20260707/logs/rocksdb-src.log	Users-amuldotexe-Desktop-personal-repos-lane-knight-bus-graph-walker-gitrefrepo-rocksdb-src		2026-07-07T01:42:04.257147+00:00
/Users/amuldotexe/Desktop/personal-repos-lane/knight-bus-graph-walker/gitrefrepo/rust-rocksdb-src	rust-rocksdb-src	graph-database-patterns-3.md	canonical_file_mentioned	indexed	1929	8074	80	0.26	/tmp/codex-code-intel/codebase-memory/gitrefrepo-each-20260707/cache	/tmp/codex-code-intel/codebase-memory/gitrefrepo-each-20260707/logs/rust-rocksdb-src.log	Users-amuldotexe-Desktop-personal-repos-lane-knight-bus-graph-walker-gitrefrepo-rust-rocksdb-src		2026-07-07T01:42:04.523343+00:00
/Users/amuldotexe/Desktop/personal-repos-lane/knight-bus-graph-walker/gitrefrepo/rustworkx-src	rustworkx-src	graph-database-patterns-4.md	canonical_file_mentioned	indexed	6641	37881	661	0.86	/tmp/codex-code-intel/codebase-memory/gitrefrepo-each-20260707/cache	/tmp/codex-code-intel/codebase-memory/gitrefrepo-each-20260707/logs/rustworkx-src.log	Users-amuldotexe-Desktop-personal-repos-lane-knight-bus-graph-walker-gitrefrepo-rustworkx-src		2026-07-07T01:42:05.389333+00:00
/Users/amuldotexe/Desktop/personal-repos-lane/knight-bus-graph-walker/gitrefrepo/sled-src	sled-src	graph-database-patterns-3.md	canonical_file_mentioned	indexed	1136	3879	60	0.16	/tmp/codex-code-intel/codebase-memory/gitrefrepo-each-20260707/cache	/tmp/codex-code-intel/codebase-memory/gitrefrepo-each-20260707/logs/sled-src.log	Users-amuldotexe-Desktop-personal-repos-lane-knight-bus-graph-walker-gitrefrepo-sled-src		2026-07-07T01:42:05.546914+00:00
/Users/amuldotexe/Desktop/personal-repos-lane/knight-bus-graph-walker/gitrefrepo/snap-src	snap-src	graph-database-patterns-3.md	canonical_file_mentioned	indexed	29343	85751	927	10.78	/tmp/codex-code-intel/codebase-memory/gitrefrepo-each-20260707/cache	/tmp/codex-code-intel/codebase-memory/gitrefrepo-each-20260707/logs/snap-src.log	Users-amuldotexe-Desktop-personal-repos-lane-knight-bus-graph-walker-gitrefrepo-snap-src		2026-07-07T01:42:16.331719+00:00
/Users/amuldotexe/Desktop/personal-repos-lane/knight-bus-graph-walker/gitrefrepo/sparsetools-src	sparsetools-src	graph-database-patterns-4.md	canonical_file_mentioned	indexed	383	1951	31	0.17	/tmp/codex-code-intel/codebase-memory/gitrefrepo-each-20260707/cache	/tmp/codex-code-intel/codebase-memory/gitrefrepo-each-20260707/logs/sparsetools-src.log	Users-amuldotexe-Desktop-personal-repos-lane-knight-bus-graph-walker-gitrefrepo-sparsetools-src		2026-07-07T01:42:16.499624+00:00
/Users/amuldotexe/Desktop/personal-repos-lane/knight-bus-graph-walker/gitrefrepo/sprs-src	sprs-src	graph-database-patterns-4.md	canonical_file_mentioned	indexed	1665	6205	99	0.25	/tmp/codex-code-intel/codebase-memory/gitrefrepo-each-20260707/cache	/tmp/codex-code-intel/codebase-memory/gitrefrepo-each-20260707/logs/sprs-src.log	Users-amuldotexe-Desktop-personal-repos-lane-knight-bus-graph-walker-gitrefrepo-sprs-src		2026-07-07T01:42:16.746156+00:00
/Users/amuldotexe/Desktop/personal-repos-lane/knight-bus-graph-walker/gitrefrepo/surrealdb-src	surrealdb-src	graph-database-patterns-2.md	canonical_file_mentioned	indexed	27798	140395	1682	3.00	/tmp/codex-code-intel/codebase-memory/gitrefrepo-each-20260707/cache	/tmp/codex-code-intel/codebase-memory/gitrefrepo-each-20260707/logs/surrealdb-src.log	Users-amuldotexe-Desktop-personal-repos-lane-knight-bus-graph-walker-gitrefrepo-surrealdb-src		2026-07-07T01:42:19.744672+00:00
/Users/amuldotexe/Desktop/personal-repos-lane/knight-bus-graph-walker/gitrefrepo/tantivy-src	tantivy-src	graph-database-patterns-3.md	canonical_file_mentioned	indexed	10845	54096	486	2.22	/tmp/codex-code-intel/codebase-memory/gitrefrepo-each-20260707/cache	/tmp/codex-code-intel/codebase-memory/gitrefrepo-each-20260707/logs/tantivy-src.log	Users-amuldotexe-Desktop-personal-repos-lane-knight-bus-graph-walker-gitrefrepo-tantivy-src		2026-07-07T01:42:21.967076+00:00
/Users/amuldotexe/Desktop/personal-repos-lane/knight-bus-graph-walker/gitrefrepo/terminusdb-src	terminusdb-src	graph-database-patterns-2.md	canonical_file_mentioned	indexed	4390	12202	448	3.91	/tmp/codex-code-intel/codebase-memory/gitrefrepo-each-20260707/cache	/tmp/codex-code-intel/codebase-memory/gitrefrepo-each-20260707/logs/terminusdb-src.log	Users-amuldotexe-Desktop-personal-repos-lane-knight-bus-graph-walker-gitrefrepo-terminusdb-src		2026-07-07T01:42:25.880521+00:00
/Users/amuldotexe/Desktop/personal-repos-lane/knight-bus-graph-walker/gitrefrepo/thunderrw-src	thunderrw-src	graph-database-patterns-4.md	canonical_file_mentioned	indexed	1258	3052	100	0.26	/tmp/codex-code-intel/codebase-memory/gitrefrepo-each-20260707/cache	/tmp/codex-code-intel/codebase-memory/gitrefrepo-each-20260707/logs/thunderrw-src.log	Users-amuldotexe-Desktop-personal-repos-lane-knight-bus-graph-walker-gitrefrepo-thunderrw-src		2026-07-07T01:42:26.143662+00:00
/Users/amuldotexe/Desktop/personal-repos-lane/knight-bus-graph-walker/gitrefrepo/tigergraph-ecosys-src	tigergraph-ecosys-src	graph-database-patterns-2.md	canonical_file_mentioned	indexed	15008	46931	705	8.63	/tmp/codex-code-intel/codebase-memory/gitrefrepo-each-20260707/cache	/tmp/codex-code-intel/codebase-memory/gitrefrepo-each-20260707/logs/tigergraph-ecosys-src.log	Users-amuldotexe-Desktop-personal-repos-lane-knight-bus-graph-walker-gitrefrepo-tigergraph-ecosys-src		2026-07-07T01:42:34.774512+00:00
/Users/amuldotexe/Desktop/personal-repos-lane/knight-bus-graph-walker/gitrefrepo/tikv-src	tikv-src	graph-database-patterns-3.md	canonical_file_mentioned	indexed	44211	272726	1458	5.68	/tmp/codex-code-intel/codebase-memory/gitrefrepo-each-20260707/cache	/tmp/codex-code-intel/codebase-memory/gitrefrepo-each-20260707/logs/tikv-src.log	Users-amuldotexe-Desktop-personal-repos-lane-knight-bus-graph-walker-gitrefrepo-tikv-src		2026-07-07T01:42:40.451017+00:00
/Users/amuldotexe/Desktop/personal-repos-lane/knight-bus-graph-walker/gitrefrepo/timely-dataflow-src	timely-dataflow-src	graph-database-patterns-4.md	canonical_file_mentioned	indexed	2605	8903	189	0.26	/tmp/codex-code-intel/codebase-memory/gitrefrepo-each-20260707/cache	/tmp/codex-code-intel/codebase-memory/gitrefrepo-each-20260707/logs/timely-dataflow-src.log	Users-amuldotexe-Desktop-personal-repos-lane-knight-bus-graph-walker-gitrefrepo-timely-dataflow-src		2026-07-07T01:42:40.712438+00:00
/Users/amuldotexe/Desktop/personal-repos-lane/knight-bus-graph-walker/gitrefrepo/tracing-src	tracing-src	graph-database-patterns-5.md	canonical_file_mentioned	indexed	5350	23127	313	0.56	/tmp/codex-code-intel/codebase-memory/gitrefrepo-each-20260707/cache	/tmp/codex-code-intel/codebase-memory/gitrefrepo-each-20260707/logs/tracing-src.log	Users-amuldotexe-Desktop-personal-repos-lane-knight-bus-graph-walker-gitrefrepo-tracing-src		2026-07-07T01:42:41.274026+00:00
/Users/amuldotexe/Desktop/personal-repos-lane/knight-bus-graph-walker/gitrefrepo/typedb-src	typedb-src	graph-database-patterns-2.md	canonical_file_mentioned	indexed	14704	68033	708	1.44	/tmp/codex-code-intel/codebase-memory/gitrefrepo-each-20260707/cache	/tmp/codex-code-intel/codebase-memory/gitrefrepo-each-20260707/logs/typedb-src.log	Users-amuldotexe-Desktop-personal-repos-lane-knight-bus-graph-walker-gitrefrepo-typedb-src		2026-07-07T01:42:42.715854+00:00
/Users/amuldotexe/Desktop/personal-repos-lane/knight-bus-graph-walker/gitrefrepo/Neo4j family/cypher-dsl-src	cypher-dsl-src	graph-database-patterns-1.md	canonical_file_mentioned	indexed	10847	43410	713	1.13	/tmp/codex-code-intel/codebase-memory/gitrefrepo-each-20260707/cache	/tmp/codex-code-intel/codebase-memory/gitrefrepo-each-20260707/logs/cypher-dsl-src.log	Users-amuldotexe-Desktop-personal-repos-lane-knight-bus-graph-walker-gitrefrepo-Neo4j-family-cypher-dsl-src		2026-07-07T01:42:43.843500+00:00
/Users/amuldotexe/Desktop/personal-repos-lane/knight-bus-graph-walker/gitrefrepo/Neo4j family/cypher-shell-src	cypher-shell-src	graph-database-patterns-1.md	canonical_file_mentioned	indexed	2337	9451	138	0.25	/tmp/codex-code-intel/codebase-memory/gitrefrepo-each-20260707/cache	/tmp/codex-code-intel/codebase-memory/gitrefrepo-each-20260707/logs/cypher-shell-src.log	Users-amuldotexe-Desktop-personal-repos-lane-knight-bus-graph-walker-gitrefrepo-Neo4j-family-cypher-shell-src		2026-07-07T01:42:44.099824+00:00
/Users/amuldotexe/Desktop/personal-repos-lane/knight-bus-graph-walker/gitrefrepo/Neo4j family/gds-agent-src	gds-agent-src	graph-database-patterns-1.md	canonical_file_mentioned	indexed	706	3731	50	0.39	/tmp/codex-code-intel/codebase-memory/gitrefrepo-each-20260707/cache	/tmp/codex-code-intel/codebase-memory/gitrefrepo-each-20260707/logs/gds-agent-src.log	Users-amuldotexe-Desktop-personal-repos-lane-knight-bus-graph-walker-gitrefrepo-Neo4j-family-gds-agent-src		2026-07-07T01:42:44.487945+00:00
/Users/amuldotexe/Desktop/personal-repos-lane/knight-bus-graph-walker/gitrefrepo/Neo4j family/graph-data-science-src	graph-data-science-src	graph-database-patterns-1.md	canonical_file_mentioned	indexed	39	56	6	0.04	/tmp/codex-code-intel/codebase-memory/gitrefrepo-each-20260707/cache	/tmp/codex-code-intel/codebase-memory/gitrefrepo-each-20260707/logs/graph-data-science-src.log	Users-amuldotexe-Desktop-personal-repos-lane-knight-bus-graph-walker-gitrefrepo-Neo4j-family-graph-data-science-src		2026-07-07T01:42:44.533201+00:00
/Users/amuldotexe/Desktop/personal-repos-lane/knight-bus-graph-walker/gitrefrepo/Neo4j family/neo4j-apoc-procedures-src	neo4j-apoc-procedures-src	graph-database-patterns-1.md	canonical_file_mentioned	indexed	21351	88648	2254	3.73	/tmp/codex-code-intel/codebase-memory/gitrefrepo-each-20260707/cache	/tmp/codex-code-intel/codebase-memory/gitrefrepo-each-20260707/logs/neo4j-apoc-procedures-src.log	Users-amuldotexe-Desktop-personal-repos-lane-knight-bus-graph-walker-gitrefrepo-Neo4j-family-neo4j-apoc-procedures-src		2026-07-07T01:42:48.268745+00:00
/Users/amuldotexe/Desktop/personal-repos-lane/knight-bus-graph-walker/gitrefrepo/Neo4j family/neo4j-apoc-src	neo4j-apoc-src	graph-database-patterns-1.md	canonical_file_mentioned	indexed	12286	56246	549	2.80	/tmp/codex-code-intel/codebase-memory/gitrefrepo-each-20260707/cache	/tmp/codex-code-intel/codebase-memory/gitrefrepo-each-20260707/logs/neo4j-apoc-src.log	Users-amuldotexe-Desktop-personal-repos-lane-knight-bus-graph-walker-gitrefrepo-Neo4j-family-neo4j-apoc-src		2026-07-07T01:42:51.073992+00:00
/Users/amuldotexe/Desktop/personal-repos-lane/knight-bus-graph-walker/gitrefrepo/Neo4j family/neo4j-browser-src	neo4j-browser-src	graph-database-patterns-1.md	canonical_file_mentioned	indexed	5760	13410	729	0.54	/tmp/codex-code-intel/codebase-memory/gitrefrepo-each-20260707/cache	/tmp/codex-code-intel/codebase-memory/gitrefrepo-each-20260707/logs/neo4j-browser-src.log	Users-amuldotexe-Desktop-personal-repos-lane-knight-bus-graph-walker-gitrefrepo-Neo4j-family-neo4j-browser-src		2026-07-07T01:42:51.619368+00:00
/Users/amuldotexe/Desktop/personal-repos-lane/knight-bus-graph-walker/gitrefrepo/Neo4j family/neo4j-docs-bolt-src	neo4j-docs-bolt-src	graph-database-patterns-1.md	canonical_file_mentioned	indexed	67	63	10	0.03	/tmp/codex-code-intel/codebase-memory/gitrefrepo-each-20260707/cache	/tmp/codex-code-intel/codebase-memory/gitrefrepo-each-20260707/logs/neo4j-docs-bolt-src.log	Users-amuldotexe-Desktop-personal-repos-lane-knight-bus-graph-walker-gitrefrepo-Neo4j-family-neo4j-docs-bolt-src		2026-07-07T01:42:51.653033+00:00
/Users/amuldotexe/Desktop/personal-repos-lane/knight-bus-graph-walker/gitrefrepo/Neo4j family/neo4j-dotnet-driver-src	neo4j-dotnet-driver-src	graph-database-patterns-1.md	canonical_file_mentioned	indexed	12116	42769	902	1.56	/tmp/codex-code-intel/codebase-memory/gitrefrepo-each-20260707/cache	/tmp/codex-code-intel/codebase-memory/gitrefrepo-each-20260707/logs/neo4j-dotnet-driver-src.log	Users-amuldotexe-Desktop-personal-repos-lane-knight-bus-graph-walker-gitrefrepo-Neo4j-family-neo4j-dotnet-driver-src		2026-07-07T01:42:53.218136+00:00
/Users/amuldotexe/Desktop/personal-repos-lane/knight-bus-graph-walker/gitrefrepo/Neo4j family/neo4j-gds-client-src	neo4j-gds-client-src	graph-database-patterns-1.md	canonical_file_mentioned	indexed	7899	57812	899	84.56	/tmp/codex-code-intel/codebase-memory/gitrefrepo-each-20260707/cache	/tmp/codex-code-intel/codebase-memory/gitrefrepo-each-20260707/logs/neo4j-gds-client-src.log	Users-amuldotexe-Desktop-personal-repos-lane-knight-bus-graph-walker-gitrefrepo-Neo4j-family-neo4j-gds-client-src		2026-07-07T01:44:17.776219+00:00
/Users/amuldotexe/Desktop/personal-repos-lane/knight-bus-graph-walker/gitrefrepo/Neo4j family/neo4j-gds-src	neo4j-gds-src	graph-database-patterns-1.md	canonical_file_mentioned	indexed	64762	280202	5108	9.22	/tmp/codex-code-intel/codebase-memory/gitrefrepo-each-20260707/cache	/tmp/codex-code-intel/codebase-memory/gitrefrepo-each-20260707/logs/neo4j-gds-src.log	Users-amuldotexe-Desktop-personal-repos-lane-knight-bus-graph-walker-gitrefrepo-Neo4j-family-neo4j-gds-src		2026-07-07T01:44:27.006812+00:00
/Users/amuldotexe/Desktop/personal-repos-lane/knight-bus-graph-walker/gitrefrepo/Neo4j family/neo4j-go-driver-src	neo4j-go-driver-src	graph-database-patterns-1.md	canonical_file_mentioned	indexed	3034	16229	221	0.64	/tmp/codex-code-intel/codebase-memory/gitrefrepo-each-20260707/cache	/tmp/codex-code-intel/codebase-memory/gitrefrepo-each-20260707/logs/neo4j-go-driver-src.log	Users-amuldotexe-Desktop-personal-repos-lane-knight-bus-graph-walker-gitrefrepo-Neo4j-family-neo4j-go-driver-src		2026-07-07T01:44:27.648054+00:00
/Users/amuldotexe/Desktop/personal-repos-lane/knight-bus-graph-walker/gitrefrepo/Neo4j family/neo4j-java-driver-src	neo4j-java-driver-src	graph-database-patterns-1.md	canonical_file_mentioned	indexed	12870	50897	917	1.46	/tmp/codex-code-intel/codebase-memory/gitrefrepo-each-20260707/cache	/tmp/codex-code-intel/codebase-memory/gitrefrepo-each-20260707/logs/neo4j-java-driver-src.log	Users-amuldotexe-Desktop-personal-repos-lane-knight-bus-graph-walker-gitrefrepo-Neo4j-family-neo4j-java-driver-src		2026-07-07T01:44:29.108878+00:00
/Users/amuldotexe/Desktop/personal-repos-lane/knight-bus-graph-walker/gitrefrepo/Neo4j family/neo4j-javascript-driver-src	neo4j-javascript-driver-src	graph-database-patterns-1.md	canonical_file_mentioned	indexed	8356	28948	619	1.30	/tmp/codex-code-intel/codebase-memory/gitrefrepo-each-20260707/cache	/tmp/codex-code-intel/codebase-memory/gitrefrepo-each-20260707/logs/neo4j-javascript-driver-src.log	Users-amuldotexe-Desktop-personal-repos-lane-knight-bus-graph-walker-gitrefrepo-Neo4j-family-neo4j-javascript-driver-src		2026-07-07T01:44:30.411289+00:00
/Users/amuldotexe/Desktop/personal-repos-lane/knight-bus-graph-walker/gitrefrepo/Neo4j family/neo4j-ogm-src	neo4j-ogm-src	graph-database-patterns-1.md	canonical_file_mentioned	indexed	15579	58367	1168	1.57	/tmp/codex-code-intel/codebase-memory/gitrefrepo-each-20260707/cache	/tmp/codex-code-intel/codebase-memory/gitrefrepo-each-20260707/logs/neo4j-ogm-src.log	Users-amuldotexe-Desktop-personal-repos-lane-knight-bus-graph-walker-gitrefrepo-Neo4j-family-neo4j-ogm-src		2026-07-07T01:44:31.981034+00:00
/Users/amuldotexe/Desktop/personal-repos-lane/knight-bus-graph-walker/gitrefrepo/Neo4j family/neo4j-python-driver-src	neo4j-python-driver-src	graph-database-patterns-1.md	canonical_file_mentioned	indexed	6866	49467	470	1.26	/tmp/codex-code-intel/codebase-memory/gitrefrepo-each-20260707/cache	/tmp/codex-code-intel/codebase-memory/gitrefrepo-each-20260707/logs/neo4j-python-driver-src.log	Users-amuldotexe-Desktop-personal-repos-lane-knight-bus-graph-walker-gitrefrepo-Neo4j-family-neo4j-python-driver-src		2026-07-07T01:44:33.244087+00:00
/Users/amuldotexe/Desktop/personal-repos-lane/knight-bus-graph-walker/gitrefrepo/Neo4j family/neo4j-src	neo4j-src	graph-database-patterns-1.md	canonical_file_mentioned	indexed	233207	1150754	10962	35.93	/tmp/codex-code-intel/codebase-memory/gitrefrepo-each-20260707/cache	/tmp/codex-code-intel/codebase-memory/gitrefrepo-each-20260707/logs/neo4j-src.log	Users-amuldotexe-Desktop-personal-repos-lane-knight-bus-graph-walker-gitrefrepo-Neo4j-family-neo4j-src		2026-07-07T01:45:09.176217+00:00
/Users/amuldotexe/Desktop/personal-repos-lane/knight-bus-graph-walker/gitrefrepo/Neo4j family/neo4j-testkit-src	neo4j-testkit-src	graph-database-patterns-1.md	canonical_file_mentioned	indexed	5284	27378	265	0.94	/tmp/codex-code-intel/codebase-memory/gitrefrepo-each-20260707/cache	/tmp/codex-code-intel/codebase-memory/gitrefrepo-each-20260707/logs/neo4j-testkit-src.log	Users-amuldotexe-Desktop-personal-repos-lane-knight-bus-graph-walker-gitrefrepo-Neo4j-family-neo4j-testkit-src		2026-07-07T01:45:10.113160+00:00
/Users/amuldotexe/Desktop/personal-repos-lane/knight-bus-graph-walker/gitrefrepo/Neo4j family/neo4rs-src	neo4rs-src	graph-database-patterns-1.md	canonical_file_mentioned	indexed	3128	12049	150	0.45	/tmp/codex-code-intel/codebase-memory/gitrefrepo-each-20260707/cache	/tmp/codex-code-intel/codebase-memory/gitrefrepo-each-20260707/logs/neo4rs-src.log	Users-amuldotexe-Desktop-personal-repos-lane-knight-bus-graph-walker-gitrefrepo-Neo4j-family-neo4rs-src		2026-07-07T01:45:10.569379+00:00
/Users/amuldotexe/Desktop/personal-repos-lane/knight-bus-graph-walker/gitrefrepo/Neo4j family/opencypher-src	opencypher-src	graph-database-patterns-1.md	canonical_file_mentioned	indexed	162	159	8	0.05	/tmp/codex-code-intel/codebase-memory/gitrefrepo-each-20260707/cache	/tmp/codex-code-intel/codebase-memory/gitrefrepo-each-20260707/logs/opencypher-src.log	Users-amuldotexe-Desktop-personal-repos-lane-knight-bus-graph-walker-gitrefrepo-Neo4j-family-opencypher-src		2026-07-07T01:45:10.620814+00:00
