req_id	named_roots	repo_root_graph_status	folder_or_subpath_result	exception_or_note
REQ-LEARN-002.0	neo4j-src	CbmSemanticReadyCgcLowYield	community/record-storage-engine; community/kernel; community/kernel-api; community/storage-engine-util; community/io; community/collections	All named folders exist under gitrefrepo/neo4j-src
REQ-LEARN-003.0	neo4j-src; neo4j-docs-bolt-src; neo4j-testkit-src; neo4j-*-driver-src	CBM on neo4j-src; GraphToolLowYield on neo4j-docs-bolt-src; DualSemanticReady on neo4j-testkit-src; CBM on driver repos	community/bolt; neo4j-dotnet-driver-src; neo4j-go-driver-src; neo4j-java-driver-src; neo4j-javascript-driver-src; neo4j-python-driver-src	Driver wildcard expands locally to five concrete driver repos
REQ-LEARN-004.0	neo4j-src	CbmSemanticReadyCgcLowYield	community/cypher/front-end; community/cypher/cypher-planner; community/cypher/cypher-logical-plans; community/cypher/physical-planning; community/cypher/slotted-runtime; community/cypher/interpreted-runtime; community/cypher/runtime-spec-suite; community/cypher/compatibility-spec-suite	Spec shorthand requires community/cypher path normalization
REQ-LEARN-005.0	neo4j-src	CbmSemanticReadyCgcLowYield	community/procedure; community/procedure-api; community/procedure-compiler; community/values	Spec shorthand requires community/ prefix normalization
REQ-LEARN-006.0	neo4j-gds-src	CbmSemanticReadyCgcLowYield	proc; procedures; applications/algorithms; applications/graph-store-catalog; procedures/*-facade*	Facade clause is a valid pattern scope rather than one concrete folder
REQ-LEARN-007.0	neo4j-gds-src	CbmSemanticReadyCgcLowYield	core; core-api; native-projection; legacy-cypher-projection; graph-projection-api; triplet-graph-builder; graph-schema-api; graph-dimensions	All named folders exist under gitrefrepo/neo4j-gds-src
REQ-LEARN-008.0	neo4j-gds-src	CbmSemanticReadyCgcLowYield	executor; memory-estimation; memory-usage; collections-memory-estimation	All named folders exist under gitrefrepo/neo4j-gds-src
REQ-LEARN-009.0	neo4j-gds-src	CbmSemanticReadyCgcLowYield	algo; algorithm-specifications; algo-params; proc/centrality; proc/community; proc/path-finding; proc/similarity; proc/embeddings; proc/machine-learning	Proc family clause is a valid pattern scope
REQ-LEARN-010.0	neo4j-gds-src	CbmSemanticReadyCgcLowYield	core-write; model-catalog-api; open-model-catalog; pipeline; ml	All named folders exist under gitrefrepo/neo4j-gds-src
REQ-LEARN-011.0	apache-iggy-src; rocksdb-src; fjall-src; redb-src; tikv-src	CBM on apache-iggy-src; rocksdb-src; tikv-src; DualSemanticReady on fjall-src; redb-src	repo roots only	All named repo roots exist locally
REQ-LEARN-012.0	apache-arrow-rs-src; apache-parquet-format-src; apache-datafusion-src	CBM on apache-arrow-rs-src and apache-datafusion-src; GraphToolLowYield on apache-parquet-format-src	arrow-array; arrow-buffer; arrow-ipc; parquet; datafusion/datasource-parquet	Parquet format repo is intentionally text-first
REQ-LEARN-013.0	apache-datafusion-src	CbmSemanticReadyCgcLowYield	datafusion/catalog; datafusion/expr; datafusion/sql; datafusion/optimizer; datafusion/physical-plan; datafusion/execution; datafusion/session	Existing pattern scope inside gitrefrepo/apache-datafusion-src
REQ-LEARN-014.0	kuzu-src; ladybug-src; falkordb-src; memgraph-src; age-src	CbmSemanticReadyCgcLowYield on all five	repo roots only	All named repo roots exist locally
REQ-LEARN-015.0	gapbs-src; snap-src; lagraph-src; graphblas-src	DualSemanticReady on gapbs-src; CBM on snap-src; lagraph-src; graphblas-src	repo roots only	All named repo roots exist locally
REQ-LEARN-019.0	ladybug-src	CbmSemanticReadyCgcLowYield	docs/icebug-disk.md; docs/index_build_recovery.md; docs/morsel_parallelism.md; src/storage; src/transaction; src/planner; src/optimizer; src/processor; src/graph	All named docs and source folders exist under gitrefrepo/ladybug-src
REQ-LEARN-020.0	neo4j-gds-client-src; graph-data-science-src; gds-agent-src; neo4j-graph-examples	CBM on neo4j-gds-client-src and gds-agent-src; DualSemanticReady on graph-data-science-src; optional missing on neo4j-graph-examples	neo4j-gds-client-src; graph-data-science-src; gds-agent-src	Optional repo neo4j-graph-examples is absent locally
REQ-LEARN-021.0	neo4j-apoc-src; neo4j-apoc-procedures-src	CbmSemanticReadyCgcLowYield on both	repo roots only	All named repo roots exist locally
REQ-LEARN-022.0	cypher-shell-src; cypher-dsl-src; neo4rs-src; neo4j-ogm-src; neo4j-browser-src	DualSemanticReady on cypher-shell-src and neo4rs-src; CBM on cypher-dsl-src; neo4j-ogm-src; neo4j-browser-src	repo roots only	All named repo roots exist locally
REQ-LEARN-023.0	ldbc_graphalytics-src; ldbc_graphalytics_docs-src; ldbc_graphalytics_platforms_graphblas-src; ldbc_snb_interactive_v1_driver-src; ldbc_snb_interactive_v1_impls-src; ldbc_snb_interactive_v2_driver-src; ldbc_snb_interactive_v2_impls-src	GraphToolLowYield on ldbc_graphalytics_docs-src; DualSemanticReady on ldbc_graphalytics_platforms_graphblas-src; CBM on the remaining LDBC repos	repo roots only	All named concrete LDBC roots exist locally
REQ-LEARN-024.0	graphchi-cpp-src; gridgraph-src; minigraph-src; thunderrw-src	CBM on graphchi-cpp-src; DualSemanticReady on gridgraph-src; minigraph-src; thunderrw-src	repo roots only	All named repo roots exist locally
REQ-LEARN-025.0	graphblas-src; lagraph-src; graphblas-pointers-src; ldbc_graphalytics_platforms_graphblas-src; python-graphblas-src; graphblas_sparse_linear_algebra-src; falkordb-src; redisgraph-src	DualSemanticReady on graphblas-pointers-src and ldbc_graphalytics_platforms_graphblas-src; CBM on graphblas-src; lagraph-src; python-graphblas-src; graphblas_sparse_linear_algebra-src; falkordb-src; redisgraph-src	repo roots only	All named repo roots exist locally
REQ-LEARN-026.0	petgraph-src; rustworkx-src; sprs-src; sparsetools-src; networkit-src; igraph-src	DualSemanticReady on petgraph-src; sprs-src; sparsetools-src; CBM on rustworkx-src; networkit-src; igraph-src	repo roots only	All named repo roots exist locally
REQ-LEARN-027.0	tracing-src; jemalloc-src; neo4j-gds-src; duckdb-src; clickhouse-src; ladybug-src	DualSemanticReady on tracing-src; CBM on jemalloc-src; neo4j-gds-src; duckdb-src; ladybug-src; NeedsRerun on clickhouse-src	repo roots only	clickhouse-src remains the lone graph-tool-stale outlier
REQ-LEARN-028.0	differential-dataflow-src; timely-dataflow-src; materialize-src; risingwave-src	DualSemanticReady on timely-dataflow-src; CBM on differential-dataflow-src; materialize-src; risingwave-src	repo roots only	All named repo roots exist locally
REQ-LEARN-029.0	helix-db-src; nornicdb-src; qdrant-src; tantivy-src; any cloned Neo4j vector-index paths	CbmSemanticReadyCgcLowYield on helix-db-src; nornicdb-src; qdrant-src; tantivy-src	repo roots only	No extra Neo4j vector-index clone is currently called out in the audit input
REQ-LEARN-031.0	current Knight Bus repo; ladybug-src; duckdb-src; clickhouse-src; redb-src; rocksdb-src; fjall-src	Fresh dual-tool runs on current repo; mixed truthcheck statuses on shelf repos; NeedsRerun on clickhouse-src	docs_PRD03; src; tests; README; snapshot/runtime files	Current repo is freshly re-indexed in both tools; clickhouse-src still needs graph-tool rerun
REQ-LEARN-032.0	current Knight Bus repo	Fresh dual-tool runs complete	docs_PRD03; src; tests; README; snapshot/runtime files	Workspace-level graph indexing plus direct reads is the correct coverage model
