symbol	path	start_line	end_line	kind	scope
load_psutil_module_now	benchmarks/walk_hopper_v1/bench_walk_vs_neo4j.py	30	30	regex	
load_neo4j_module_now	benchmarks/walk_hopper_v1/bench_walk_vs_neo4j.py	38	38	regex	
EngineMeasurement	benchmarks/walk_hopper_v1/bench_walk_vs_neo4j.py	47	47	regex	
corpus_identity_now	benchmarks/walk_hopper_v1/bench_walk_vs_neo4j.py	64	64	regex	
validate_engine_parity_now	benchmarks/walk_hopper_v1/bench_walk_vs_neo4j.py	68	68	regex	
measure_engine_latency_now	benchmarks/walk_hopper_v1/bench_walk_vs_neo4j.py	85	85	regex	
default_knight_bus_bin_now	benchmarks/walk_hopper_v1/bench_walk_vs_neo4j.py	158	158	regex	
parse_kv_line_output_now	benchmarks/walk_hopper_v1/bench_walk_vs_neo4j.py	162	162	regex	
failed_measurement_now	benchmarks/walk_hopper_v1/bench_walk_vs_neo4j.py	191	191	regex	
run_knight_bus_verify_now	benchmarks/walk_hopper_v1/bench_walk_vs_neo4j.py	212	212	regex	
run_knight_bus_rust_measurement_now	benchmarks/walk_hopper_v1/bench_walk_vs_neo4j.py	237	237	regex	
open_neo4j_engine_now	benchmarks/walk_hopper_v1/bench_walk_vs_neo4j.py	267	267	regex	
build_neo4j_runner_now	benchmarks/walk_hopper_v1/bench_walk_vs_neo4j.py	289	289	regex	
run_query_now	benchmarks/walk_hopper_v1/bench_walk_vs_neo4j.py	305	305	regex	
process_matches_neo4j_now	benchmarks/walk_hopper_v1/bench_walk_vs_neo4j.py	313	313	regex	
resolve_neo4j_server_process_now	benchmarks/walk_hopper_v1/bench_walk_vs_neo4j.py	327	327	regex	
write_report_bundle_now	benchmarks/walk_hopper_v1/bench_walk_vs_neo4j.py	368	368	regex	
run_benchmark_now	benchmarks/walk_hopper_v1/bench_walk_vs_neo4j.py	438	438	regex	
build_arg_parser_now	benchmarks/walk_hopper_v1/bench_walk_vs_neo4j.py	531	531	regex	
main	benchmarks/walk_hopper_v1/bench_walk_vs_neo4j.py	550	550	regex	
load_numpy_module_now	benchmarks/walk_hopper_v1/build_dual_csr_snapshot.py	25	25	regex	
count_node_rows_now	benchmarks/walk_hopper_v1/build_dual_csr_snapshot.py	33	33	regex	
build_dual_csr_snapshot	benchmarks/walk_hopper_v1/build_dual_csr_snapshot.py	38	38	regex	
build_arg_parser_now	benchmarks/walk_hopper_v1/build_dual_csr_snapshot.py	139	139	regex	
main	benchmarks/walk_hopper_v1/build_dual_csr_snapshot.py	147	147	regex	
ensure_parent_directory_now	benchmarks/walk_hopper_v1/common.py	24	24	regex	
write_json_file_now	benchmarks/walk_hopper_v1/common.py	28	28	regex	
read_json_file_now	benchmarks/walk_hopper_v1/common.py	33	33	regex	
sha256_file_hex_now	benchmarks/walk_hopper_v1/common.py	37	37	regex	
collect_directory_size_now	benchmarks/walk_hopper_v1/common.py	45	45	regex	
stable_mix_value_now	benchmarks/walk_hopper_v1/common.py	49	49	regex	
format_dense_node_key_now	benchmarks/walk_hopper_v1/common.py	60	60	regex	
parse_dense_node_index_now	benchmarks/walk_hopper_v1/common.py	64	64	regex	
build_layer_ranges_now	benchmarks/walk_hopper_v1/common.py	73	73	regex	
find_layer_index_now	benchmarks/walk_hopper_v1/common.py	91	91	regex	
count_residue_members_now	benchmarks/walk_hopper_v1/common.py	98	98	regex	
compute_node_degree_now	benchmarks/walk_hopper_v1/common.py	107	107	regex	
compute_edge_total_now	benchmarks/walk_hopper_v1/common.py	119	119	regex	
make_node_row_now	benchmarks/walk_hopper_v1/common.py	140	140	regex	
make_edge_row_now	benchmarks/walk_hopper_v1/common.py	152	152	regex	
iter_node_targets_now	benchmarks/walk_hopper_v1/common.py	160	160	regex	
measure_row_bytes_now	benchmarks/walk_hopper_v1/common.py	182	182	regex	
measure_dataset_bytes_now	benchmarks/walk_hopper_v1/common.py	190	190	regex	
choose_node_count_now	benchmarks/walk_hopper_v1/common.py	212	212	regex	
build_degree_summary_now	benchmarks/walk_hopper_v1/common.py	245	245	regex	
collect_runtime_env_now	benchmarks/walk_hopper_v1/common.py	264	264	regex	
read_csv_rows_now	benchmarks/walk_hopper_v1/common.py	280	280	regex	
percentile_value_now	benchmarks/walk_hopper_v1/common.py	285	285	regex	
export_neo4j_import_files	benchmarks/walk_hopper_v1/export_neo4j_import.py	16	16	regex	
build_arg_parser_now	benchmarks/walk_hopper_v1/export_neo4j_import.py	80	80	regex	
main	benchmarks/walk_hopper_v1/export_neo4j_import.py	87	87	regex	
parse_degree_palette_now	benchmarks/walk_hopper_v1/generate_code_sparse_data.py	31	31	regex	
choose_target_bytes_now	benchmarks/walk_hopper_v1/generate_code_sparse_data.py	40	40	regex	
generate_sparse_code_graph	benchmarks/walk_hopper_v1/generate_code_sparse_data.py	50	50	regex	
build_arg_parser_now	benchmarks/walk_hopper_v1/generate_code_sparse_data.py	120	120	regex	
main	benchmarks/walk_hopper_v1/generate_code_sparse_data.py	136	136	regex	
load_numpy_module_now	benchmarks/walk_hopper_v1/query_walk_snapshot.py	26	26	regex	
SnapshotGraph	benchmarks/walk_hopper_v1/query_walk_snapshot.py	35	35	regex	
load_snapshot_graph_now	benchmarks/walk_hopper_v1/query_walk_snapshot.py	44	44	regex	
query_snapshot_ids_now	benchmarks/walk_hopper_v1/query_walk_snapshot.py	67	67	regex	
query_snapshot_family_now	benchmarks/walk_hopper_v1/query_walk_snapshot.py	86	86	regex	
load_query_corpus_now	benchmarks/walk_hopper_v1/query_walk_snapshot.py	95	95	regex	
select_evenly_spaced_now	benchmarks/walk_hopper_v1/query_walk_snapshot.py	100	100	regex	
build_bucket_rows_now	benchmarks/walk_hopper_v1/query_walk_snapshot.py	112	112	regex	
build_query_corpus_now	benchmarks/walk_hopper_v1/query_walk_snapshot.py	155	155	regex	
collect_truth_answers_now	benchmarks/walk_hopper_v1/query_walk_snapshot.py	220	220	regex	
build_arg_parser_now	benchmarks/walk_hopper_v1/query_walk_snapshot.py	273	273	regex	
main	benchmarks/walk_hopper_v1/query_walk_snapshot.py	282	282	regex	
materialize_fixture_dataset_now	benchmarks/walk_hopper_v1/tests/test_walk_hopper_v1.py	37	37	regex	
load_expected_answers_now	benchmarks/walk_hopper_v1/tests/test_walk_hopper_v1.py	66	66	regex	
test_req_bench_001_generator_writes_manifest_now	benchmarks/walk_hopper_v1/tests/test_walk_hopper_v1.py	74	74	regex	
test_req_bench_002_sparse_dag_shape_now	benchmarks/walk_hopper_v1/tests/test_walk_hopper_v1.py	93	93	regex	
test_req_bench_003_dense_ids_and_determinism_now	benchmarks/walk_hopper_v1/tests/test_walk_hopper_v1.py	114	114	regex	
test_req_bench_004_snapshot_roundtrip_now	benchmarks/walk_hopper_v1/tests/test_walk_hopper_v1.py	142	142	regex	
test_req_bench_005_snapshot_parity_now	benchmarks/walk_hopper_v1/tests/test_walk_hopper_v1.py	159	159	regex	
test_req_bench_005_benchmark_aborts_on_mismatch_now	benchmarks/walk_hopper_v1/tests/test_walk_hopper_v1.py	173	173	regex	
test_req_bench_006_export_headers_now	benchmarks/walk_hopper_v1/tests/test_walk_hopper_v1.py	183	183	regex	
test_req_bench_006_neo4j_sample_parity_now	benchmarks/walk_hopper_v1/tests/test_walk_hopper_v1.py	211	211	regex	
test_req_bench_007_corpus_builder_deterministic_now	benchmarks/walk_hopper_v1/tests/test_walk_hopper_v1.py	244	244	regex	
test_req_bench_008_report_contains_metrics_now	benchmarks/walk_hopper_v1/tests/test_walk_hopper_v1.py	263	263	regex	
test_req_bench_009_measurement_reports_failure_now	benchmarks/walk_hopper_v1/tests/test_walk_hopper_v1.py	302	302	regex	
test_req_neo4j_001_gitignore_covers_local_runtime_now	benchmarks/walk_hopper_v1/tests/test_walk_hopper_v1.py	320	320	regex	
test_req_neo4j_001_requirements_exists_now	benchmarks/walk_hopper_v1/tests/test_walk_hopper_v1.py	326	326	regex	
test_req_neo4j_002_scripts_and_runbook_exist_now	benchmarks/walk_hopper_v1/tests/test_walk_hopper_v1.py	333	333	regex	
test_req_neo4j_003_fresh_runner_reuses_fixed_inputs_now	benchmarks/walk_hopper_v1/tests/test_walk_hopper_v1.py	340	340	regex	
test_req_neo4j_004_renderer_supports_explicit_v002_outputs_now	benchmarks/walk_hopper_v1/tests/test_walk_hopper_v1.py	349	349	regex	
test_req_neo4j_007_corpus_sizes_now	benchmarks/walk_hopper_v1/tests/test_walk_hopper_v1.py	452	452	regex	
test_req_neo4j_009_smoke_runner_stops_after_forced_failure_now	benchmarks/walk_hopper_v1/tests/test_walk_hopper_v1.py	468	468	regex	
read_json_file_now	scripts/render_final_testing_journal.py	19	19	regex	
parse_summary_lines_now	scripts/render_final_testing_journal.py	23	23	regex	
format_value_now	scripts/render_final_testing_journal.py	52	52	regex	
measurement_map_now	scripts/render_final_testing_journal.py	60	60	regex	
lower_is_better_delta_now	scripts/render_final_testing_journal.py	64	64	regex	
winner_row_now	scripts/render_final_testing_journal.py	73	73	regex	
parse_stage_rows_now	scripts/render_final_testing_journal.py	103	103	regex	
load_optional_summary_now	scripts/render_final_testing_journal.py	117	117	regex	
load_stage_now	scripts/render_final_testing_journal.py	123	123	regex	
command_output_now	scripts/render_final_testing_journal.py	140	140	regex	
build_final_journal_now	scripts/render_final_testing_journal.py	145	145	regex	
build_truth_journal_now	scripts/render_final_testing_journal.py	270	270	regex	
main	scripts/render_final_testing_journal.py	342	342	regex	
TierSpec	scripts/run_three_tier_validation.py	30	30	regex	
run_command_now	scripts/run_three_tier_validation.py	41	41	regex	
require_command_success_now	scripts/run_three_tier_validation.py	57	57	regex	
count_effective_rows_now	scripts/run_three_tier_validation.py	76	76	regex	
collect_dataset_summary_now	scripts/run_three_tier_validation.py	87	87	regex	
collect_directory_size_now	scripts/run_three_tier_validation.py	95	95	regex	
extract_cli_value_now	scripts/run_three_tier_validation.py	99	99	regex	
extract_verify_checked_queries_now	scripts/run_three_tier_validation.py	107	107	regex	
extract_family_latency_now	scripts/run_three_tier_validation.py	114	114	regex	
generate_dataset_now	scripts/run_three_tier_validation.py	121	121	regex	
materialize_dataset_now	scripts/run_three_tier_validation.py	143	143	regex	
ensure_release_binary_now	scripts/run_three_tier_validation.py	151	151	regex	
run_tier_now	scripts/run_three_tier_validation.py	156	156	regex	
format_optional_int_now	scripts/run_three_tier_validation.py	258	258	regex	
append_journal_entry_now	scripts/run_three_tier_validation.py	262	262	regex	
print_results_now	scripts/run_three_tier_validation.py	322	322	regex	
main	scripts/run_three_tier_validation.py	333	333	regex	
build_snapshot_from_paths	src/app.rs	17	17	regex	
build_snapshot_from_paths_with_options	src/app.rs	30	30	regex	
verify_snapshot_against_paths	src/app.rs	39	39	regex	
verify_snapshot_against_paths_with_options	src/app.rs	52	52	regex	
query_snapshot_from_path	src/app.rs	61	61	regex	
run_snapshot_benchmark	src/app.rs	72	72	regex	
run_corpus_benchmark_from_paths	src/app.rs	91	91	regex	
run_corpus_benchmark_from_snapshot_path	src/app.rs	101	101	regex	
BenchmarkScenarioRunner	src/bench.rs	23	23	regex	
run_benchmark_scenarios	src/bench.rs	24	24	regex	
SnapshotBenchmarkRunner	src/bench.rs	31	31	regex	
SnapshotCorpusBenchmarkRunner	src/bench.rs	36	36	regex	
PeakRssMeasurement	src/bench.rs	42	42	regex	
CorpusBenchmarkOutcome	src/bench.rs	48	48	regex	
default	src/bench.rs	54	54	regex	
default	src/bench.rs	62	62	regex	
run_benchmark_scenarios	src/bench.rs	71	71	regex	
run_corpus_benchmark	src/bench.rs	114	114	regex	
select_benchmark_seeds	src/bench.rs	167	167	regex	
query_runtime_for_corpus_row	src/bench.rs	186	186	regex	
load_corpus_query_rows	src/bench.rs	195	195	regex	
resolve_corpus_header_positions	src/bench.rs	240	240	regex	
read_required_corpus_field	src/bench.rs	261	261	regex	
mean_value_ms	src/bench.rs	278	278	regex	
percentile_value_ms	src/bench.rs	282	282	regex	
percentile_nanos	src/bench.rs	306	306	regex	
peak_rss_measurement_now	src/bench.rs	326	326	regex	
peak_rss_bytes_from_getrusage_now	src/bench.rs	340	340	regex	
peak_rss_bytes_from_getrusage_now	src/bench.rs	351	351	regex	
normalize_ru_maxrss_bytes_now	src/bench.rs	356	356	regex	
normalize_ru_maxrss_bytes_now	src/bench.rs	363	363	regex	
current_process_rss_bytes_uses_raw_sysinfo_units_now	src/bench.rs	376	376	regex	
peak_rss_source_serializes_now	src/bench.rs	395	395	regex	
corpus_family_maps_to_runtime_semantics_now	src/bench.rs	401	401	regex	
percentile_value_ms_interpolates_now	src/bench.rs	411	411	regex	
corpus_benchmark_runs_against_tiny_fixture_now	src/bench.rs	419	419	regex	
KnightBusError	src/error.rs	7	7	regex	
io	src/error.rs	99	99	regex	
csv	src/error.rs	106	106	regex	
json	src/error.rs	113	113	regex	
normalize_truth_graph_data	src/graph.rs	8	8	regex	
flatten_adjacency_lists_now	src/graph.rs	65	65	regex	
collect_neighbors_within_hops	src/graph.rs	88	88	regex	
query_normalized_graph	src/graph.rs	118	118	regex	
read_neighbor_slice_from_arrays	src/graph.rs	137	137	regex	
fixture_truth_graph	src/graph.rs	151	151	regex	
normalize_truth_graph_data_deduplicates_edges	src/graph.rs	200	200	regex	
query_normalized_graph_uses_within_two_hops	src/graph.rs	210	210	regex	
build_snapshot_from_paths_low_ram	src/low_ram.rs	43	43	regex	
verify_snapshot_against_paths_low_ram	src/low_ram.rs	116	116	regex	
ScratchWorkspace	src/low_ram.rs	195	195	regex	
create_now	src/low_ram.rs	201	201	regex	
root	src/low_ram.rs	222	222	regex	
PeakRssMeasurement	src/low_ram.rs	228	228	regex	
PhasePeakTracker	src/low_ram.rs	233	233	regex	
new_now	src/low_ram.rs	241	241	regex	
sample_now	src/low_ram.rs	253	253	regex	
finish_phase_now	src/low_ram.rs	259	259	regex	
finish_total_now	src/low_ram.rs	267	267	regex	
track_phase_now	src/low_ram.rs	272	272	regex	
NodeCatalogSummary	src/low_ram.rs	287	287	regex	
NodeRunEntry	src/low_ram.rs	292	292	regex	
EdgeSourceRunEntry	src/low_ram.rs	298	298	regex	
EdgeTargetRunEntry	src/low_ram.rs	305	305	regex	
ResolvedEdgePair	src/low_ram.rs	312	312	regex	
BinaryRunRecord	src/low_ram.rs	317	317	regex	
encode_to_now	src/low_ram.rs	318	318	regex	
decode_from_now	src/low_ram.rs	319	319	regex	
estimated_heap_bytes	src/low_ram.rs	323	323	regex	
encode_to_now	src/low_ram.rs	327	327	regex	
decode_from_now	src/low_ram.rs	332	332	regex	
estimated_heap_bytes	src/low_ram.rs	343	343	regex	
encode_to_now	src/low_ram.rs	349	349	regex	
decode_from_now	src/low_ram.rs	355	355	regex	
estimated_heap_bytes	src/low_ram.rs	371	371	regex	
encode_to_now	src/low_ram.rs	377	377	regex	
decode_from_now	src/low_ram.rs	383	383	regex	
estimated_heap_bytes	src/low_ram.rs	399	399	regex	
encode_to_now	src/low_ram.rs	405	405	regex	
decode_from_now	src/low_ram.rs	410	410	regex	
estimated_heap_bytes	src/low_ram.rs	424	424	regex	
RunReader	src/low_ram.rs	429	429	regex	
open_now	src/low_ram.rs	436	436	regex	
next_record_now	src/low_ram.rs	445	445	regex	
HeapItem	src/low_ram.rs	451	451	regex	
cmp	src/low_ram.rs	457	457	regex	
partial_cmp	src/low_ram.rs	465	465	regex	
eq	src/low_ram.rs	471	471	regex	
SortedRunMerger	src/low_ram.rs	478	478	regex	
open_now	src/low_ram.rs	484	484	regex	
next_record_now	src/low_ram.rs	503	503	regex	
NodeCatalogStream	src/low_ram.rs	519	519	regex	
open_now	src/low_ram.rs	527	527	regex	
next_entry_now	src/low_ram.rs	536	536	regex	
SnapshotEdgeStream	src/low_ram.rs	547	547	regex	
open_now	src/low_ram.rs	556	556	regex	
next_pair_now	src/low_ram.rs	580	580	regex	
build_node_key_runs_now	src/low_ram.rs	600	600	regex	
write_node_catalog_now	src/low_ram.rs	670	670	regex	
build_edge_source_runs_now	src/low_ram.rs	762	762	regex	
resolve_from_keys_now	src/low_ram.rs	845	845	regex	
resolve_to_keys_now	src/low_ram.rs	923	923	regex	
emit_forward_snapshot_now	src/low_ram.rs	1000	1000	regex	
emit_reverse_snapshot_now	src/low_ram.rs	1097	1097	regex	
validate_runtime_open_now	src/low_ram.rs	1150	1150	regex	
verify_node_catalog_now	src/low_ram.rs	1165	1165	regex	
verify_forward_snapshot_now	src/low_ram.rs	1224	1224	regex	
verify_reverse_snapshot_now	src/low_ram.rs	1309	1309	regex	
run_query_smoke_checks_now	src/low_ram.rs	1361	1361	regex	
spill_sorted_records_now	src/low_ram.rs	1397	1397	regex	
resolve_header_positions_now	src/low_ram.rs	1424	1424	regex	
read_required_field_now	src/low_ram.rs	1445	1445	regex	
write_snapshot_manifest_now	src/low_ram.rs	1463	1463	regex	
read_snapshot_manifest_now	src/low_ram.rs	1490	1490	regex	
write_reverse_run_manifest_now	src/low_ram.rs	1497	1497	regex	
read_reverse_run_manifest_now	src/low_ram.rs	1508	1508	regex	
map_file_read_only_now	src/low_ram.rs	1516	1516	regex	
read_key_for_dense_id_now	src/low_ram.rs	1521	1521	regex	
write_u32_le_now	src/low_ram.rs	1548	1548	regex	
write_u64_le_now	src/low_ram.rs	1558	1558	regex	
write_string_field_now	src/low_ram.rs	1568	1568	regex	
read_optional_u32_le_now	src/low_ram.rs	1583	1583	regex	
read_required_u32_le_now	src/low_ram.rs	1593	1593	regex	
read_optional_u64_le_now	src/low_ram.rs	1599	1599	regex	
read_string_field_now	src/low_ram.rs	1609	1609	regex	
read_optional_prefix_now	src/low_ram.rs	1620	1620	regex	
read_u64_from_bytes_now	src/low_ram.rs	1640	1640	regex	
read_u32_from_bytes_now	src/low_ram.rs	1648	1648	regex	
current_process_rss_bytes_now	src/low_ram.rs	1656	1656	regex	
peak_rss_measurement_now	src/low_ram.rs	1663	1663	regex	
peak_rss_bytes_from_getrusage_now	src/low_ram.rs	1677	1677	regex	
peak_rss_bytes_from_getrusage_now	src/low_ram.rs	1688	1688	regex	
peak_rss_bytes_from_getrusage_now	src/low_ram.rs	1701	1701	regex	
Cli	src/main.rs	16	16	regex	
Commands	src/main.rs	22	22	regex	
OutputFormat	src/main.rs	80	80	regex	
main	src/main.rs	85	85	regex	
try_main	src/main.rs	95	95	regex	
parse_walk_direction	src/main.rs	260	260	regex	
parse_hop_count	src/main.rs	266	266	regex	
build_snapshot_options_now	src/main.rs	270	270	regex	
build_verify_options_now	src/main.rs	280	280	regex	
parse_memory_budget_now	src/main.rs	290	290	regex	
emit_bench_corpus_deprecation_now	src/main.rs	297	297	regex	
run_parity_verification	src/parity.rs	8	8	regex	
run_corpus_parity_verification	src/parity.rs	56	56	regex	
WalkQueryRuntime	src/runtime.rs	22	22	regex	
query_entity_neighbors	src/runtime.rs	23	23	regex	
query_keys_for_family	src/runtime.rs	30	30	regex	
all_node_keys	src/runtime.rs	36	36	regex	
snapshot_size_bytes	src/runtime.rs	38	38	regex	
MmapWalkRuntime	src/runtime.rs	42	42	regex	
open	src/runtime.rs	56	56	regex	
snapshot_dir	src/runtime.rs	85	85	regex	
node_count	src/runtime.rs	89	89	regex	
manifest_version	src/runtime.rs	93	93	regex	
resolve_dense_id	src/runtime.rs	97	97	regex	
key_for_dense_id	src/runtime.rs	118	118	regex	
validate_open_path	src/runtime.rs	122	122	regex	
validate_mmap_size	src/runtime.rs	180	180	regex	
validate_offsets_mmap	src/runtime.rs	197	197	regex	
validate_node_records	src/runtime.rs	228	228	regex	
validate_key_index	src/runtime.rs	256	256	regex	
node_record_for_dense_id	src/runtime.rs	282	282	regex	
key_str_for_dense_id	src/runtime.rs	288	288	regex	
read_key_index_value	src/runtime.rs	305	305	regex	
read_neighbor_ids	src/runtime.rs	320	320	regex	
query_entity_neighbors	src/runtime.rs	335	335	regex	
query_keys_for_family	src/runtime.rs	360	360	regex	
all_node_keys	src/runtime.rs	370	370	regex	
snapshot_size_bytes	src/runtime.rs	376	376	regex	
map_file_read_only	src/runtime.rs	381	381	regex	
read_u64_from_mmap	src/runtime.rs	388	388	regex	
read_u32_from_mmap	src/runtime.rs	396	396	regex	
SnapshotArtifactWriter	src/snapshot.rs	23	23	regex	
write_snapshot_artifacts	src/snapshot.rs	24	24	regex	
FilesystemSnapshotWriter	src/snapshot.rs	32	32	regex	
write_snapshot_artifacts	src/snapshot.rs	35	35	regex	
compute_snapshot_size_bytes	src/snapshot.rs	80	80	regex	
build_snapshot_manifest	src/snapshot.rs	104	104	regex	
build_node_records_and_strings	src/snapshot.rs	123	123	regex	
build_key_index_for_graph	src/snapshot.rs	148	148	regex	
write_manifest_file	src/snapshot.rs	158	158	regex	
write_node_records_file	src/snapshot.rs	168	168	regex	
write_bytes_file	src/snapshot.rs	187	187	regex	
write_u64_values_file	src/snapshot.rs	191	191	regex	
write_u32_values_file	src/snapshot.rs	205	205	regex	
TruthGraphSource	src/truth.rs	26	26	regex	
load_truth_graph_rows	src/truth.rs	27	27	regex	
CsvTruthGraphSource	src/truth.rs	31	31	regex	
new	src/truth.rs	37	37	regex	
load_truth_graph_rows	src/truth.rs	46	46	regex	
TruthGraphIndex	src/truth.rs	58	58	regex	
from_truth_graph_rows	src/truth.rs	65	65	regex	
all_node_keys	src/truth.rs	102	102	regex	
seed_keys_for_family	src/truth.rs	106	106	regex	
neighbors_within	src/truth.rs	118	118	regex	
lookup_map_for_direction	src/truth.rs	155	155	regex	
load_node_rows_from_csv	src/truth.rs	166	166	regex	
load_edge_rows_from_csv	src/truth.rs	235	235	regex	
resolve_header_positions	src/truth.rs	321	321	regex	
read_required_field	src/truth.rs	343	343	regex	
read_optional_field	src/truth.rs	359	359	regex	
csv_truth_graph_source_rejects_duplicate_nodes	src/truth.rs	378	378	regex	
truth_graph_index_within_two_hops_excludes_seed	src/truth.rs	402	402	regex	
NodeKey	src/types.rs	12	12	regex	
parse_csv_field	src/types.rs	15	15	regex	
as_str	src/types.rs	32	32	regex	
into_string	src/types.rs	36	36	regex	
try_from	src/types.rs	44	44	regex	
fmt	src/types.rs	58	58	regex	
DenseNodeId	src/types.rs	65	65	regex	
new	src/types.rs	68	68	regex	
get	src/types.rs	72	72	regex	
WalkDirection	src/types.rs	79	79	regex	
label	src/types.rs	85	85	regex	
from_str	src/types.rs	96	96	regex	
HopCount	src/types.rs	108	108	regex	
get	src/types.rs	114	114	regex	
try_from	src/types.rs	125	125	regex	
from_str	src/types.rs	137	137	regex	
QueryFamily	src/types.rs	147	147	regex	
label	src/types.rs	162	162	regex	
direction	src/types.rs	171	171	regex	
hops	src/types.rs	178	178	regex	
CorpusFamily	src/types.rs	188	188	regex	
label	src/types.rs	197	197	regex	
direction	src/types.rs	205	205	regex	
hops	src/types.rs	212	212	regex	
from_str	src/types.rs	223	223	regex	
CsvNodeRow	src/types.rs	236	236	regex	
CsvEdgeRow	src/types.rs	246	246	regex	
ValidatedTruthGraph	src/types.rs	253	253	regex	
CorpusQueryRow	src/types.rs	259	259	regex	
NormalizedGraphData	src/types.rs	265	265	regex	
node_count	src/types.rs	274	274	regex	
edge_count	src/types.rs	278	278	regex	
NodeRecord	src/types.rs	284	284	regex	
encode_le	src/types.rs	293	293	regex	
decode_le	src/types.rs	301	301	regex	
SnapshotManifest	src/types.rs	320	320	regex	
QueryResult	src/types.rs	338	338	regex	
VerificationFamilySummary	src/types.rs	347	347	regex	
VerificationSummary	src/types.rs	353	353	regex	
SnapshotBuildSummary	src/types.rs	365	365	regex	
SnapshotPhase	src/types.rs	377	377	regex	
label	src/types.rs	393	393	regex	
PhasePeakReport	src/types.rs	412	412	regex	
BuildMemoryBudget	src/types.rs	419	419	regex	
from_megabytes	src/types.rs	427	427	regex	
from_bytes	src/types.rs	437	437	regex	
bytes	src/types.rs	450	450	regex	
spill_buffer_bytes	src/types.rs	454	454	regex	
default	src/types.rs	460	460	regex	
SnapshotBuildOptions	src/types.rs	468	468	regex	
resolved_budget	src/types.rs	474	474	regex	
SnapshotVerifyOptions	src/types.rs	480	480	regex	
resolved_budget	src/types.rs	486	486	regex	
BenchmarkFamilyReport	src/types.rs	492	492	regex	
PeakRssSource	src/types.rs	501	501	regex	
label	src/types.rs	507	507	regex	
MeasurementRssScope	src/types.rs	517	517	regex	
label	src/types.rs	523	523	regex	
MeasurementRssSource	src/types.rs	533	533	regex	
label	src/types.rs	540	540	regex	
from	src/types.rs	550	550	regex	
BenchmarkReport	src/types.rs	559	559	regex	
BenchmarkRunSummary	src/types.rs	568	568	regex	
EngineMeasurement	src/types.rs	574	574	regex	
CorpusBenchmarkRunSummary	src/types.rs	592	592	regex	
build_and_query_json_from_cli_now	tests/cli.rs	9	9	regex	
verify_cli_reports_success_now	tests/cli.rs	51	51	regex	
query_rejects_invalid_hops_now	tests/cli.rs	85	85	regex	
bench_writes_report_now	tests/cli.rs	123	123	regex	
bench_corpus_writes_engine_measurement_now	tests/cli.rs	167	167	regex	
bench_corpus_accepts_deprecated_csv_flags_now	tests/cli.rs	214	214	regex	
build_query_and_verify_round_trip_now	tests/library_contract.rs	12	12	regex	
build_rejects_duplicate_node_ids_now	tests/library_contract.rs	57	57	regex	
build_rejects_missing_edge_endpoints_now	tests/library_contract.rs	81	81	regex	
open_detects_truncated_offsets_now	tests/library_contract.rs	105	105	regex	
parity_uses_all_expected_families_now	tests/library_contract.rs	126	126	regex	
benchmark_report_records_peak_rss_source_now	tests/library_contract.rs	144	144	regex	
low_ram_build_and_verify_record_phase_peaks_now	tests/library_contract.rs	166	166	regex	
corpus_benchmark_report_serializes_engine_measurement_now	tests/library_contract.rs	215	215	regex	
fixture_path	tests/support/mod.rs	5	5	regex	
valid_nodes_path	tests/support/mod.rs	12	12	regex	
valid_edges_path	tests/support/mod.rs	16	16	regex	
valid_corpus_path	tests/support/mod.rs	20	20	regex	
temp_snapshot_dir	tests/support/mod.rs	24	24	regex	
